Workbook
Name CelkemDPHVypocet: Stavba!$H$78
Name CenaCelkem: Stavba!$G$29
Name CenaCelkemBezDPH: Stavba!$G$28
Name CenaCelkemVypocet: Stavba!$I$78
Name cisloobjektu: Stavba!$D$3
Name CisloRozpoctu: '[1]Krycí list'!$C$2
Name CisloStavby: Stavba!$D$2
Name cislostavby: '[1]Krycí list'!$A$7
Name CisloStavebnihoRozpoctu: Stavba!$D$4
Name dadresa: Stavba!$D$12:$G$12
Name DIČ: Stavba!$I$12
Name dmisto: Stavba!$E$13:$G$13
Name DPHSni: Stavba!$G$24
Name DPHZakl: Stavba!$G$26
Name dpsc: Stavba!$D$13
Name IČO: Stavba!$I$11
Name Mena: Stavba!$J$29
Name MistoStavby: Stavba!$D$4
Name nazevobjektu: Stavba!$E$3
Name NazevRozpoctu: '[1]Krycí list'!$D$2
Name NazevStavby: Stavba!$E$2
Name nazevstavby: '[1]Krycí list'!$C$7
Name NazevStavebnihoRozpoctu: Stavba!$E$4
Name oadresa: Stavba!$D$6
Name Objednatel: Stavba!$D$5
Name Objekt: Stavba!$B$38
Name odic: Stavba!$I$6
Name oico: Stavba!$I$5
Name omisto: Stavba!$E$7
Name onazev: Stavba!$D$6
Name opsc: Stavba!$D$7
Name padresa: Stavba!$D$9
Name pdic: Stavba!$I$9
Name pico: Stavba!$I$8
Name pmisto: Stavba!$E$10
Name PocetMJ: #REF!
Name PoptavkaID: Stavba!$A$1
Name pPSC: Stavba!$D$10
Name Projektant: Stavba!$D$8
Name SazbaDPH1: Stavba!$E$23
Name SazbaDPH1: '[1]Krycí list'!$C$30
Name SazbaDPH2: Stavba!$E$25
Name SazbaDPH2: '[1]Krycí list'!$C$32
Name SloupecCC: #REF!
Name SloupecCisloPol: #REF!
Name SloupecJC: #REF!
Name SloupecMJ: #REF!
Name SloupecMnozstvi: #REF!
Name SloupecNazPol: #REF!
Name SloupecPC: #REF!
Name Vypracoval: Stavba!$D$14
Name ZakladDPHSni: Stavba!$G$23
Name ZakladDPHSniVypocet: Stavba!$F$78
Name ZakladDPHZakl: Stavba!$G$25
Name ZakladDPHZaklVypocet: Stavba!$G$78
Name ZaObjednatele: Stavba!$G$34
Name Zaokrouhleni: Stavba!$G$27
Name ZaZhotovitele: Stavba!$D$34
Name Zhotovitel: Stavba!$D$11:$G$11

Sheet Pokyny pro vyplnění
A1: Pokyny pro vyplnění
A2: Ve všech listech tohoto souboru můžete měnit pouze buňky s modrým pozadím. Jedná se o tyto údaje : - údaje o firmě - jednotkové ceny položek zadané na maximálně dvě desetinná místa

Sheet Stavba
A1: #RTSROZP# | B1: Položkový rozpočet stavby
B2: Stavba: | D2: 2409.2 | E2: Český technologický park Brno, zóna C - objekty D, E, F - infrastruktura
B5: Objednatel: | D5: Technologický Park Brno, a.s. | H5: IČO: | I5: 48532215
D6: Purkyňova 646/107 | H6: DIČ: | I6: CZ48532215
D7: 61200 | E7: Brno-Medlánky
B8: Projektant: | H8: IČO:
H9: DIČ:
B11: Zhotovitel: | D11: IMOS Brno, a.s. | H11: IČO: | I11: 25322257
D12: Olomoucká 174 | H12: DIČ: | I12: CZ25322257
D13: 627 00 | E13: Brno
B14: Vypracoval:
B15: Rozpis ceny | I15: Celkem
A16: HSV | B16: HSV | I16: =SUMIF(F85:F109,A16,I85:I109)+SUMIF(F85:F109,"PSU",I85:I109) -> 25860738
A17: PSV | B17: PSV | I17: =SUMIF(F85:F109,A17,I85:I109) -> 247104
A18: MON | B18: MON | I18: =SUMIF(F85:F109,A18,I85:I109) -> 5284395
A19: VN | B19: Vedlejší náklady | I19: =SUMIF(F85:F109,A19,I85:I109) -> 565000
A20: ON | B20: Ostatní náklady | I20: =SUMIF(F85:F109,A20,I85:I109) -> 465000
B21: Celkem | I21: =SUM(I16:J20) -> 32422237
B22: Rekapitulace daní
A23: =ZakladDPHSni*SazbaDPH1/100 -> 0 | B23: Základ pro sníženou DPH | E23: 15 | F23: % | G23: =ZakladDPHSniVypocet -> 0 | J23: =Mena -> CZK
A24: =(A23-INT(A23))*100 -> 0 | B24: Snížená DPH | E24: =SazbaDPH1 -> 15 | F24: % | G24: =A23 -> 0 | J24: =Mena -> CZK
A25: =ZakladDPHZakl*SazbaDPH2/100 -> 6808669.8 | B25: Základ pro základní DPH | E25: 21 | F25: % | G25: =ZakladDPHZaklVypocet -> 32422237 | J25: =Mena -> CZK
A26: =(A25-INT(A25))*100 -> 79.73 | B26: Základní DPH | E26: =SazbaDPH2 -> 21 | F26: % | G26: =A25 -> 6808669.8 | J26: =Mena -> CZK
A27: =ZakladDPHSni+DPHSni+ZakladDPHZakl+DPHZakl -> 39230907 | B27: Zaokrouhlení | G27: =CenaCelkem-(ZakladDPHSni+DPHSni+ZakladDPHZakl+DPHZakl) -> 0 | J27: =Mena -> CZK
B28: Cena celkem bez DPH | G28: =ZakladDPHSniVypocet+ZakladDPHZaklVypocet -> 32422237 | J28: =Mena -> CZK
A29: =(A27-INT(A27))*100 -> 92.729999 | B29: Cena celkem s DPH | G29: =A27 -> 39230907 | J29: CZK
C32: v | F32: dne
D35: Za zhotovitele | H35: Za objednatele
B37: Rekapitulace dílčích částí
A38: #CASTI>> | B38: Číslo | C38: Název | F38: =B23 -> Základ pro sníženou DPH | G38: =B25 -> Základ pro základní DPH | H38: DPH celkem | I38: Cena celkem | J38: %
A39: 1 | B39: Stavba | F39: ='00 000 Naklady'!AE29+'IO 710 IO 710 Pol'!AE356+'IO 720a IO 720a Pol'!AE149+'IO 730 IO 730 Pol'!AE113+'IO 730a IO 730a Pol'!AE124+'IO 754a IO 754a Pol'!AE68+'IO 760b IO 760b Pol'!AE29+'IO 763 IO 763 Pol'!AE46+'SO 000 SO 000 Pol'!AE129+'SO 600 SO 600 Pol'!AE116+'SO 601 SO 601 Pol'!AE123+'SO 602 SO 602 Pol'!AE120+'SO 603 SO 603 Pol'!AE160+'SO 603a SO 603a Pol'!AE101+'SO 606 SO 606 Pol'!AE561+'SO 606a SO 606a Pol'!AE215+'SO 630 SO 630 Pol'!AE82+'SO 640 SO 640 Pol'!AE38+'SO 641 SO 641 Pol'!AE41 -> 0 | G39: ='00 000 Naklady'!AF29+'IO 710 IO 710 Pol'!AF356+'IO 720a IO 720a Pol'!AF149+'IO 730 IO 730 Pol'!AF113+'IO 730a IO 730a Pol'!AF124+'IO 754a IO 754a Pol'!AF68+'IO 760b IO 760b Pol'!AF29+'IO 763 IO 763 Pol'!AF46+'SO 000 SO 000 Pol'!AF129+'SO 600 SO 600 Pol'!AF116+'SO 601 SO 601 Pol'!AF123+'SO 602 SO 602 Pol'!AF120+'SO 603 SO 603 Pol'!AF160+'SO 603a SO 603a Pol'!AF101+'SO 606 SO 606 Pol'!AF561+'SO 606a SO 606a Pol'!AF215+'SO 630 SO 630 Pol'!AF82+'SO 640 SO 640 Pol'!AF38+'SO 641 SO 641 Pol'!AF41 -> 32422237 | H39: =(F39*SazbaDPH1/100)+(G39*SazbaDPH2/100) -> 6808669.8 | I39: =F39+G39+H39 -> 39230907 | J39: =IF(CenaCelkemVypocet=0,"",I39/CenaCelkemVypocet*100) -> 100
A40: 2 | B40: 00 | C40: Vedlejší a ostatní náklady | F40: ='00 000 Naklady'!AE29 -> 0 | G40: ='00 000 Naklady'!AF29 -> 1030000 | H40: =(F40*SazbaDPH1/100)+(G40*SazbaDPH2/100) -> 216300 | I40: =F40+G40+H40 -> 1246300 | J40: =IF(CenaCelkemVypocet=0,"",I40/CenaCelkemVypocet*100) -> 3.176832
A41: 3 | B41: 000 | C41: Vedlejší a ostatní náklady | F41: ='00 000 Naklady'!AE29 -> 0 | G41: ='00 000 Naklady'!AF29 -> 1030000 | H41: =(F41*SazbaDPH1/100)+(G41*SazbaDPH2/100) -> 216300 | I41: =F41+G41+H41 -> 1246300 | J41: =IF(CenaCelkemVypocet=0,"",I41/CenaCelkemVypocet*100) -> 3.176832
A42: 2 | B42: IO 710 | C42: Plynovod - přeložka | F42: ='IO 710 IO 710 Pol'!AE356 -> 0 | G42: ='IO 710 IO 710 Pol'!AF356 -> 5788919.4 | H42: =(F42*SazbaDPH1/100)+(G42*SazbaDPH2/100) -> 1215673.1 | I42: =F42+G42+H42 -> 7004592.4 | J42: =IF(CenaCelkemVypocet=0,"",I42/CenaCelkemVypocet*100) -> 17.854781
A43: 3 | B43: IO 710 | C43: Plynovod - přeložka | F43: ='IO 710 IO 710 Pol'!AE356 -> 0 | G43: ='IO 710 IO 710 Pol'!AF356 -> 5788919.4 | H43: =(F43*SazbaDPH1/100)+(G43*SazbaDPH2/100) -> 1215673.1 | I43: =F43+G43+H43 -> 7004592.4 | J43: =IF(CenaCelkemVypocet=0,"",I43/CenaCelkemVypocet*100) -> 17.854781
A44: 2 | B44: IO 720a | C44: Přípojka kanalizace (objekt D) | F44: ='IO 720a IO 720a Pol'!AE149 -> 0 | G44: ='IO 720a IO 720a Pol'!AF149 -> 98527.34 | H44: =(F44*SazbaDPH1/100)+(G44*SazbaDPH2/100) -> 20690.741 | I44: =F44+G44+H44 -> 119218.08 | J44: =IF(CenaCelkemVypocet=0,"",I44/CenaCelkemVypocet*100) -> 0.30388816
A45: 3 | B45: IO 720a | C45: Přípojka kanalizace (objekt D) | F45: ='IO 720a IO 720a Pol'!AE149 -> 0 | G45: ='IO 720a IO 720a Pol'!AF149 -> 98527.34 | H45: =(F45*SazbaDPH1/100)+(G45*SazbaDPH2/100) -> 20690.741 | I45: =F45+G45+H45 -> 119218.08 | J45: =IF(CenaCelkemVypocet=0,"",I45/CenaCelkemVypocet*100) -> 0.30388816
A46: 2 | B46: IO 730 | C46: Vodovod - řady | F46: ='IO 730 IO 730 Pol'!AE113 -> 0 | G46: ='IO 730 IO 730 Pol'!AF113 -> 519234.18 | H46: =(F46*SazbaDPH1/100)+(G46*SazbaDPH2/100) -> 109039.18 | I46: =F46+G46+H46 -> 628273.36 | J46: =IF(CenaCelkemVypocet=0,"",I46/CenaCelkemVypocet*100) -> 1.6014755
A47: 3 | B47: IO 730 | C47: Vodovod - řady | F47: ='IO 730 IO 730 Pol'!AE113 -> 0 | G47: ='IO 730 IO 730 Pol'!AF113 -> 519234.18 | H47: =(F47*SazbaDPH1/100)+(G47*SazbaDPH2/100) -> 109039.18 | I47: =F47+G47+H47 -> 628273.36 | J47: =IF(CenaCelkemVypocet=0,"",I47/CenaCelkemVypocet*100) -> 1.6014755
A48: 2 | B48: IO 730a | C48: Vodovod - přípojka D | F48: ='IO 730a IO 730a Pol'!AE124 -> 0 | G48: ='IO 730a IO 730a Pol'!AF124 -> 170574.58 | H48: =(F48*SazbaDPH1/100)+(G48*SazbaDPH2/100) -> 35820.662 | I48: =F48+G48+H48 -> 206395.24 | J48: =IF(CenaCelkemVypocet=0,"",I48/CenaCelkemVypocet*100) -> 0.52610367
A49: 3 | B49: IO 730a | C49: Vodovod - přípojka D | F49: ='IO 730a IO 730a Pol'!AE124 -> 0 | G49: ='IO 730a IO 730a Pol'!AF124 -> 170574.58 | H49: =(F49*SazbaDPH1/100)+(G49*SazbaDPH2/100) -> 35820.662 | I49: =F49+G49+H49 -> 206395.24 | J49: =IF(CenaCelkemVypocet=0,"",I49/CenaCelkemVypocet*100) -> 0.52610367
A50: 2 | B50: IO 754a | C50: Venkovní osvětlení - objekt D | F50: ='IO 754a IO 754a Pol'!AE68 -> 0 | G50: ='IO 754a IO 754a Pol'!AF68 -> 567395.2 | H50: =(F50*SazbaDPH1/100)+(G50*SazbaDPH2/100) -> 119152.99 | I50: =F50+G50+H50 -> 686548.19 | J50: =IF(CenaCelkemVypocet=0,"",I50/CenaCelkemVypocet*100) -> 1.7500187
A51: 3 | B51: IO 754a | C51: Venkovní osvětlení - objekt D | F51: ='IO 754a IO 754a Pol'!AE68 -> 0 | G51: ='IO 754a IO 754a Pol'!AF68 -> 567395.2 | H51: =(F51*SazbaDPH1/100)+(G51*SazbaDPH2/100) -> 119152.99 | I51: =F51+G51+H51 -> 686548.19 | J51: =IF(CenaCelkemVypocet=0,"",I51/CenaCelkemVypocet*100) -> 1.7500187
A52: 2 | B52: IO 760b | C52: Přeložka SLP - optika VUT | F52: ='IO 760b IO 760b Pol'!AE29 -> 0 | G52: ='IO 760b IO 760b Pol'!AF29 -> 234139 | H52: =(F52*SazbaDPH1/100)+(G52*SazbaDPH2/100) -> 49169.19 | I52: =F52+G52+H52 -> 283308.19 | J52: =IF(CenaCelkemVypocet=0,"",I52/CenaCelkemVypocet*100) -> 0.7221556
A53: 3 | B53: IO 760b | C53: Přeložka SLP - optika VUT | F53: ='IO 760b IO 760b Pol'!AE29 -> 0 | G53: ='IO 760b IO 760b Pol'!AF29 -> 234139 | H53: =(F53*SazbaDPH1/100)+(G53*SazbaDPH2/100) -> 49169.19 | I53: =F53+G53+H53 -> 283308.19 | J53: =IF(CenaCelkemVypocet=0,"",I53/CenaCelkemVypocet*100) -> 0.7221556
A54: 2 | B54: IO 763 | C54: SLP areálový rozvod - objekt D | F54: ='IO 763 IO 763 Pol'!AE46 -> 0 | G54: ='IO 763 IO 763 Pol'!AF46 -> 213307.6 | H54: =(F54*SazbaDPH1/100)+(G54*SazbaDPH2/100) -> 44794.596 | I54: =F54+G54+H54 -> 258102.2 | J54: =IF(CenaCelkemVypocet=0,"",I54/CenaCelkemVypocet*100) -> 0.65790525
A55: 3 | B55: IO 763 | C55: SLP areálový rozvod - objekt D | F55: ='IO 763 IO 763 Pol'!AE46 -> 0 | G55: ='IO 763 IO 763 Pol'!AF46 -> 213307.6 | H55: =(F55*SazbaDPH1/100)+(G55*SazbaDPH2/100) -> 44794.596 | I55: =F55+G55+H55 -> 258102.2 | J55: =IF(CenaCelkemVypocet=0,"",I55/CenaCelkemVypocet*100) -> 0.65790525
A56: 2 | B56: SO 000 | C56: HTÚ, Příprava území D+E+F | F56: ='SO 000 SO 000 Pol'!AE129 -> 0 | G56: ='SO 000 SO 000 Pol'!AF129 -> 16537971 | H56: =(F56*SazbaDPH1/100)+(G56*SazbaDPH2/100) -> 3472974 | I56: =F56+G56+H56 -> 20010945 | J56: =IF(CenaCelkemVypocet=0,"",I56/CenaCelkemVypocet*100) -> 51.008113
A57: 3 | B57: SO 000 | C57: HTÚ, Příprava území D+E+F | F57: ='SO 000 SO 000 Pol'!AE129 -> 0 | G57: ='SO 000 SO 000 Pol'!AF129 -> 16537971 | H57: =(F57*SazbaDPH1/100)+(G57*SazbaDPH2/100) -> 3472974 | I57: =F57+G57+H57 -> 20010945 | J57: =IF(CenaCelkemVypocet=0,"",I57/CenaCelkemVypocet*100) -> 51.008113
A58: 2 | B58: SO 600 | C58: Vodovodní řad | F58: ='SO 600 SO 600 Pol'!AE116 -> 0 | G58: ='SO 600 SO 600 Pol'!AF116 -> 1458834.8 | H58: =(F58*SazbaDPH1/100)+(G58*SazbaDPH2/100) -> 306355.31 | I58: =F58+G58+H58 -> 1765190.1 | J58: =IF(CenaCelkemVypocet=0,"",I58/CenaCelkemVypocet*100) -> 4.4994884
A59: 3 | B59: SO 600 | C59: Vodovodní řad | F59: ='SO 600 SO 600 Pol'!AE116 -> 0 | G59: ='SO 600 SO 600 Pol'!AF116 -> 1458834.8 | H59: =(F59*SazbaDPH1/100)+(G59*SazbaDPH2/100) -> 306355.31 | I59: =F59+G59+H59 -> 1765190.1 | J59: =IF(CenaCelkemVypocet=0,"",I59/CenaCelkemVypocet*100) -> 4.4994884
A60: 2 | B60: SO 601 | C60: Vodovodní přípojka E | F60: ='SO 601 SO 601 Pol'!AE123 -> 0 | G60: ='SO 601 SO 601 Pol'!AF123 -> 231580.93 | H60: =(F60*SazbaDPH1/100)+(G60*SazbaDPH2/100) -> 48631.995 | I60: =F60+G60+H60 -> 280212.93 | J60: =IF(CenaCelkemVypocet=0,"",I60/CenaCelkemVypocet*100) -> 0.71426573
A61: 3 | B61: SO 601 | C61: Vodovodní přípojka E | F61: ='SO 601 SO 601 Pol'!AE123 -> 0 | G61: ='SO 601 SO 601 Pol'!AF123 -> 231580.93 | H61: =(F61*SazbaDPH1/100)+(G61*SazbaDPH2/100) -> 48631.995 | I61: =F61+G61+H61 -> 280212.93 | J61: =IF(CenaCelkemVypocet=0,"",I61/CenaCelkemVypocet*100) -> 0.71426573
A62: 2 | B62: SO 602 | C62: Vodovodní přípojka F | F62: ='SO 602 SO 602 Pol'!AE120 -> 0 | G62: ='SO 602 SO 602 Pol'!AF120 -> 168073.59 | H62: =(F62*SazbaDPH1/100)+(G62*SazbaDPH2/100) -> 35295.454 | I62: =F62+G62+H62 -> 203369.04 | J62: =IF(CenaCelkemVypocet=0,"",I62/CenaCelkemVypocet*100) -> 0.51838986
A63: 3 | B63: SO 602 | C63: Vodovodní přípojka F | F63: ='SO 602 SO 602 Pol'!AE120 -> 0 | G63: ='SO 602 SO 602 Pol'!AF120 -> 168073.59 | H63: =(F63*SazbaDPH1/100)+(G63*SazbaDPH2/100) -> 35295.454 | I63: =F63+G63+H63 -> 203369.04 | J63: =IF(CenaCelkemVypocet=0,"",I63/CenaCelkemVypocet*100) -> 0.51838986
A64: 2 | B64: SO 603 | C64: Kanalizace splašková | F64: ='SO 603 SO 603 Pol'!AE160 -> 0 | G64: ='SO 603 SO 603 Pol'!AF160 -> 1298763.7 | H64: =(F64*SazbaDPH1/100)+(G64*SazbaDPH2/100) -> 272740.37 | I64: =F64+G64+H64 -> 1571504 | J64: =IF(CenaCelkemVypocet=0,"",I64/CenaCelkemVypocet*100) -> 4.0057805
A65: 3 | B65: SO 603 | C65: Kanalizace splašková | F65: ='SO 603 SO 603 Pol'!AE160 -> 0 | G65: ='SO 603 SO 603 Pol'!AF160 -> 1298763.7 | H65: =(F65*SazbaDPH1/100)+(G65*SazbaDPH2/100) -> 272740.37 | I65: =F65+G65+H65 -> 1571504 | J65: =IF(CenaCelkemVypocet=0,"",I65/CenaCelkemVypocet*100) -> 4.0057805
A66: 2 | B66: SO 603a | C66: Přípojka splaškové kanalizace | F66: ='SO 603a SO 603a Pol'!AE101 -> 0 | G66: ='SO 603a SO 603a Pol'!AF101 -> 121667.91 | H66: =(F66*SazbaDPH1/100)+(G66*SazbaDPH2/100) -> 25550.261 | I66: =F66+G66+H66 -> 147218.17 | J66: =IF(CenaCelkemVypocet=0,"",I66/CenaCelkemVypocet*100) -> 0.37526069
A67: 3 | B67: SO 603a | C67: Přípojka splaškové kanalizace | F67: ='SO 603a SO 603a Pol'!AE101 -> 0 | G67: ='SO 603a SO 603a Pol'!AF101 -> 121667.91 | H67: =(F67*SazbaDPH1/100)+(G67*SazbaDPH2/100) -> 25550.261 | I67: =F67+G67+H67 -> 147218.17 | J67: =IF(CenaCelkemVypocet=0,"",I67/CenaCelkemVypocet*100) -> 0.37526069
A68: 2 | B68: SO 606 | C68: Kanalizace dešťová | F68: ='SO 606 SO 606 Pol'!AE561 -> 0 | G68: ='SO 606 SO 606 Pol'!AF561 -> 2841151.5 | H68: =(F68*SazbaDPH1/100)+(G68*SazbaDPH2/100) -> 596641.81 | I68: =F68+G68+H68 -> 3437793.3 | J68: =IF(CenaCelkemVypocet=0,"",I68/CenaCelkemVypocet*100) -> 8.7629717
A69: 3 | B69: SO 606 | C69: Kanalizace dešťová | F69: ='SO 606 SO 606 Pol'!AE561 -> 0 | G69: ='SO 606 SO 606 Pol'!AF561 -> 2841151.5 | H69: =(F69*SazbaDPH1/100)+(G69*SazbaDPH2/100) -> 596641.81 | I69: =F69+G69+H69 -> 3437793.3 | J69: =IF(CenaCelkemVypocet=0,"",I69/CenaCelkemVypocet*100) -> 8.7629717
A70: 2 | B70: SO 606a | C70: Kanalizace dešťová | F70: ='SO 606a SO 606a Pol'!AE215 -> 0 | G70: ='SO 606a SO 606a Pol'!AF215 -> 190784.22 | H70: =(F70*SazbaDPH1/100)+(G70*SazbaDPH2/100) -> 40064.686 | I70: =F70+G70+H70 -> 230848.91 | J70: =IF(CenaCelkemVypocet=0,"",I70/CenaCelkemVypocet*100) -> 0.58843632
A71: 3 | B71: SO 606a | C71: Kanalizace dešťová | F71: ='SO 606a SO 606a Pol'!AE215 -> 0 | G71: ='SO 606a SO 606a Pol'!AF215 -> 190784.22 | H71: =(F71*SazbaDPH1/100)+(G71*SazbaDPH2/100) -> 40064.686 | I71: =F71+G71+H71 -> 230848.91 | J71: =IF(CenaCelkemVypocet=0,"",I71/CenaCelkemVypocet*100) -> 0.58843632
A72: 2 | B72: SO 630 | C72: Venkovní osvětlení - objekt E, F | F72: ='SO 630 SO 630 Pol'!AE82 -> 0 | G72: ='SO 630 SO 630 Pol'!AF82 -> 898267.4 | H72: =(F72*SazbaDPH1/100)+(G72*SazbaDPH2/100) -> 188636.15 | I72: =F72+G72+H72 -> 1086903.6 | J72: =IF(CenaCelkemVypocet=0,"",I72/CenaCelkemVypocet*100) -> 2.7705287
A73: 3 | B73: SO 630 | C73: Venkovní osvětlení - objekt E, F | F73: ='SO 630 SO 630 Pol'!AE82 -> 0 | G73: ='SO 630 SO 630 Pol'!AF82 -> 898267.4 | H73: =(F73*SazbaDPH1/100)+(G73*SazbaDPH2/100) -> 188636.15 | I73: =F73+G73+H73 -> 1086903.6 | J73: =IF(CenaCelkemVypocet=0,"",I73/CenaCelkemVypocet*100) -> 2.7705287
A74: 2 | B74: SO 640 | C74: SLP areálový rozvod - objekt E, F | F74: ='SO 640 SO 640 Pol'!AE38 -> 0 | G74: ='SO 640 SO 640 Pol'!AF38 -> 53044.5 | H74: =(F74*SazbaDPH1/100)+(G74*SazbaDPH2/100) -> 11139.345 | I74: =F74+G74+H74 -> 64183.845 | J74: =IF(CenaCelkemVypocet=0,"",I74/CenaCelkemVypocet*100) -> 0.16360531
A75: 3 | B75: SO 640 | C75: SLP areálový rozvod - objekt E, F | F75: ='SO 640 SO 640 Pol'!AE38 -> 0 | G75: ='SO 640 SO 640 Pol'!AF38 -> 53044.5 | H75: =(F75*SazbaDPH1/100)+(G75*SazbaDPH2/100) -> 11139.345 | I75: =F75+G75+H75 -> 64183.845 | J75: =IF(CenaCelkemVypocet=0,"",I75/CenaCelkemVypocet*100) -> 0.16360531
A76: 2 | B76: SO 641 | C76: Přeložka Dial Telecom | F76: ='SO 641 SO 641 Pol'!AE41 -> 0 | G76: ='SO 641 SO 641 Pol'!AF41 -> 0 | H76: =(F76*SazbaDPH1/100)+(G76*SazbaDPH2/100) -> 0 | I76: =F76+G76+H76 -> 0 | J76: =IF(CenaCelkemVypocet=0,"",I76/CenaCelkemVypocet*100) -> 0
A77: 3 | B77: SO 641 | C77: Přeložka Dial Telecom | F77: ='SO 641 SO 641 Pol'!AE41 -> 0 | G77: ='SO 641 SO 641 Pol'!AF41 -> 0 | H77: =(F77*SazbaDPH1/100)+(G77*SazbaDPH2/100) -> 0 | I77: =F77+G77+H77 -> 0 | J77: =IF(CenaCelkemVypocet=0,"",I77/CenaCelkemVypocet*100) -> 0
B78: Celkem za stavbu | F78: =SUMIF(A39:A77,"=1",F39:F77) -> 0 | G78: =SUMIF(A39:A77,"=1",G39:G77) -> 32422237 | H78: =SUMIF(A39:A77,"=1",H39:H77) -> 6808669.8 | I78: =SUMIF(A39:A77,"=1",I39:I77) -> 39230907 | J78: =SUMIF(A39:A77,"=1",J39:J77) -> 100
B82: Rekapitulace dílů
B84: Číslo | C84: Název | F84: Typ dílu | I84: Celkem | J84: %
B85: 1 | C85: Zemní práce | F85: HSV | I85: ='IO 710 IO 710 Pol'!G8+'IO 720a IO 720a Pol'!G8+'IO 730 IO 730 Pol'!G8+'IO 730a IO 730a Pol'!G8+'SO 000 SO 000 Pol'!G8+'SO 600 SO 600 Pol'!G8+'SO 601 SO 601 Pol'!G8+'SO 602 SO 602 Pol'!G8+'SO 603 SO 603 Pol'!G8+'SO 603a SO 603a Pol'!G8+'SO 606 SO 606 Pol'!G8+'SO 606a SO 606a Pol'!G8 -> 19916164 | J85: =IF(I110=0,"",I85/I110*100) -> 61.427481
B86: 181 | C86: Sadové úpravy | F86: HSV | I86: ='IO 710 IO 710 Pol'!G157+'SO 000 SO 000 Pol'!G75 -> 272093.6 | J86: =IF(I110=0,"",I86/I110*100) -> 0.83921908
B87: 2 | C87: Základy a zvláštní zakládání | F87: HSV | I87: ='IO 720a IO 720a Pol'!G48+'SO 000 SO 000 Pol'!G88+'SO 603 SO 603 Pol'!G57+'SO 606 SO 606 Pol'!G273+'SO 606a SO 606a Pol'!G105 -> 611734.33 | J87: =IF(I110=0,"",I87/I110*100) -> 1.886774
B88: 4 | C88: Vodorovné konstrukce | F88: HSV | I88: ='IO 710 IO 710 Pol'!G194+'IO 720a IO 720a Pol'!G52+'IO 730 IO 730 Pol'!G58+'IO 730a IO 730a Pol'!G58+'SO 600 SO 600 Pol'!G58+'SO 601 SO 601 Pol'!G58+'SO 602 SO 602 Pol'!G58+'SO 603 SO 603 Pol'!G61+'SO 603a SO 603a Pol'!G57+'SO 606 SO 606 Pol'!G286+'SO 606a SO 606a Pol'!G111 -> 136393.82 | J88: =IF(I110=0,"",I88/I110*100) -> 0.42067985
B89: 5 | C89: Komunikace | F89: HSV | I89: ='IO 710 IO 710 Pol'!G198+'IO 720a IO 720a Pol'!G65+'SO 000 SO 000 Pol'!G93+'SO 603 SO 603 Pol'!G71+'SO 606 SO 606 Pol'!G296+'SO 606a SO 606a Pol'!G116 -> 365339.58 | J89: =IF(I110=0,"",I89/I110*100) -> 1.1268179
B90: 63 | C90: Podlahy a podlahové konstrukce | F90: HSV | I90: ='IO 720a IO 720a Pol'!G75+'SO 603 SO 603 Pol'!G81+'SO 603a SO 603a Pol'!G67+'SO 606 SO 606 Pol'!G306+'SO 606a SO 606a Pol'!G126 -> 94467.84 | J90: =IF(I110=0,"",I90/I110*100) -> 0.29136743
B91: 8 | C91: Trubní vedení | F91: HSV | I91: ='IO 720a IO 720a Pol'!G95+'IO 730 IO 730 Pol'!G68+'IO 730a IO 730a Pol'!G72+'SO 600 SO 600 Pol'!G68+'SO 601 SO 601 Pol'!G72+'SO 602 SO 602 Pol'!G72+'SO 603 SO 603 Pol'!G104+'SO 603a SO 603a Pol'!G71+'SO 606 SO 606 Pol'!G367+'SO 606a SO 606a Pol'!G153 -> 2674780.9 | J91: =IF(I110=0,"",I91/I110*100) -> 8.2498343
B92: 89 | C92: Ostatní konstrukce na trubním vedení | F92: HSV | I92: ='IO 710 IO 710 Pol'!G238+'IO 720a IO 720a Pol'!G121+'SO 000 SO 000 Pol'!G100+'SO 603 SO 603 Pol'!G131+'SO 603a SO 603a Pol'!G89+'SO 606 SO 606 Pol'!G434+'SO 606a SO 606a Pol'!G187 -> 538647 | J92: =IF(I110=0,"",I92/I110*100) -> 1.6613505
B93: 898 | C93: Akumulační nádrž | F93: HSV | I93: ='SO 606 SO 606 Pol'!G516 -> 350000 | J93: =IF(I110=0,"",I93/I110*100) -> 1.079506
B94: 899 | C94: Čerpací stanice | F94: HSV | I94: ='SO 606 SO 606 Pol'!G525 -> 492038 | J94: =IF(I110=0,"",I94/I110*100) -> 1.5175942
B95: 90 | C95: Oploceni | F95: HSV | I95: ='SO 000 SO 000 Pol'!G102 -> 14793.75 | J95: =IF(I110=0,"",I95/I110*100) -> 0.045628406
B96: 91 | C96: Doplňující práce na komunikaci | F96: HSV | I96: ='IO 710 IO 710 Pol'!G246 -> 3758.4 | J96: =IF(I110=0,"",I96/I110*100) -> 0.011592044
B97: 93 | C97: Dokončovací práce inženýrských staveb | F97: HSV | I97: ='IO 710 IO 710 Pol'!G261 -> 18195 | J97: =IF(I110=0,"",I97/I110*100) -> 0.056118891
B98: 97 | C98: Prorážení otvorů | F98: HSV | I98: ='SO 603 SO 603 Pol'!G152+'SO 606a SO 606a Pol'!G207 -> 1193.52 | J98: =IF(I110=0,"",I98/I110*100) -> 0.0036811772
B99: 99 | C99: Staveništní přesun hmot | F99: HSV | I99: ='IO 710 IO 710 Pol'!G267+'IO 720a IO 720a Pol'!G143+'IO 730 IO 730 Pol'!G103+'IO 730a IO 730a Pol'!G114+'SO 000 SO 000 Pol'!G106+'SO 600 SO 600 Pol'!G106+'SO 601 SO 601 Pol'!G113+'SO 602 SO 602 Pol'!G110+'SO 603 SO 603 Pol'!G154+'SO 603a SO 603a Pol'!G95+'SO 606 SO 606 Pol'!G552+'SO 606a SO 606a Pol'!G209 -> 348701.87 | J99: =IF(I110=0,"",I99/I110*100) -> 1.0755022
B100: 723.2 | C100: Venkovní plynovod | F100: PSV | I100: ='IO 710 IO 710 Pol'!G272 -> 247104 | J100: =IF(I110=0,"",I100/I110*100) -> 0.76214358
B101: M21 | C101: Elektromontáže | F101: MON | I101: ='IO 710 IO 710 Pol'!G277+'IO 730 IO 730 Pol'!G108+'IO 730a IO 730a Pol'!G119+'IO 754a IO 754a Pol'!G8+'IO 760b IO 760b Pol'!G8+'IO 763 IO 763 Pol'!G8+'SO 600 SO 600 Pol'!G111+'SO 601 SO 601 Pol'!G118+'SO 602 SO 602 Pol'!G115+'SO 606 SO 606 Pol'!G558+'SO 630 SO 630 Pol'!G8+'SO 640 SO 640 Pol'!G8 -> 656378.4 | J101: =IF(I110=0,"",I101/I110*100) -> 2.0244698
B102: M21.M | C102: Ostatní | F102: MON | I102: ='IO 754a IO 754a Pol'!G13+'SO 630 SO 630 Pol'!G11 -> 24770 | J102: =IF(I110=0,"",I102/I110*100) -> 0.076398183
B103: M22y | C103: Přeložka TKR | F103: MON | I103: ='SO 641 SO 641 Pol'!G8 -> 0 | J103: =IF(I110=0,"",I103/I110*100) -> 0
B104: M23 | C104: Montáže potrubí | F104: MON | I104: ='IO 710 IO 710 Pol'!G281+'IO 754a IO 754a Pol'!G17+'IO 763 IO 763 Pol'!G11+'SO 630 SO 630 Pol'!G15+'SO 640 SO 640 Pol'!G11 -> 3611666.9 | J104: =IF(I110=0,"",I104/I110*100) -> 11.139475
B105: M23.4 | C105: Venkovní osvětlení | F105: MON | I105: ='IO 754a IO 754a Pol'!G31+'SO 630 SO 630 Pol'!G29 -> 400825 | J105: =IF(I110=0,"",I105/I110*100) -> 1.2362657
B106: M46 | C106: Zemní práce při montážích | F106: MON | I106: ='IO 710 IO 710 Pol'!G330+'IO 754a IO 754a Pol'!G48+'IO 760b IO 760b Pol'!G25+'IO 763 IO 763 Pol'!G28+'SO 630 SO 630 Pol'!G62+'SO 640 SO 640 Pol'!G24+'SO 641 SO 641 Pol'!G24 -> 590754.7 | J106: =IF(I110=0,"",I106/I110*100) -> 1.8220664
B107: D96 | C107: Přesuny suti a vybouraných hmot | F107: PSU | I107: ='IO 710 IO 710 Pol'!G334+'SO 000 SO 000 Pol'!G111 -> 22436.91 | J107: =IF(I110=0,"",I107/I110*100) -> 0.069202227
B108: VN | C108: Vedlejší náklady | F108: VN | I108: ='00 000 Naklady'!G8 -> 565000 | J108: =IF(I110=0,"",I108/I110*100) -> 1.7426311
B109: ON | C109: Ostatní náklady | F109: ON | I109: ='00 000 Naklady'!G18 -> 465000 | J109: =IF(I110=0,"",I109/I110*100) -> 1.4342008
B110: Cena celkem | I110: =SUM(I85:I109) -> 32422237 | J110: =SUM(J85:J109) -> 100

Sheet VzorPolozky
A1: Položkový rozpočet
A2: S:
A3: O:
A4: R:

Sheet 00 000 Naklady
A1: Položkový rozpočet | AG1: #TypZaznamu#
A2: S: | B2: 2409.2 | C2: Český technologický park Brno, zóna C - objekty D, E, F - infrastruktura | AG2: STA
A3: O: | B3: 00 | C3: Vedlejší a ostatní náklady | AC3: NAK | AG3: OBJ
A4: R: | B4: 000 | C4: Vedlejší a ostatní náklady | AG4: ROZ
A6: P.č. | B6: Číslo položky | C6: Název položky | D6: MJ | E6: Množství | F6: Cena / MJ | G6: Celkem | H6: Dodávka | I6: Dodávka celk. | J6: Montáž | K6: Montáž celk. | L6: DPH | M6: Cena s DPH | N6: Hmotnost / MJ | O6: Hmotnost celk.(t) | P6: Dem. hmotnost / MJ | Q6: Dem. hmotnost celk.(t) | R6: Ceník | S6: Cen. soustava / platnost | T6: Cenová úroveň | U6: Nhod / MJ | V6: Nhod celk. | W6: Dodavatel | X6: Typ položky
A8: Díl: | B8: VN | C8: Vedlejší náklady | G8: =SUMIF(AG9:AG17,"<>NOR",G9:G17) -> 565000 | I8: =SUM(I9:I17) -> 0 | K8: =SUM(K9:K17) -> 0 | M8: =SUM(M9:M17) -> 683650 | O8: =SUM(O9:O17) -> 0 | Q8: =SUM(Q9:Q17) -> 0 | V8: =SUM(V9:V17) -> 0 | AG8: DIL
A9: 1 | B9: 0007T | C9: Zkoušky únosnosti pláně | D9: Soubor | E9: 1 | F9: 30000 | G9: =ROUND(E9*F9,2) -> 30000 | I9: =ROUND(E9*H9,2) -> 0 | K9: =ROUND(E9*J9,2) -> 0 | L9: 21 | M9: =G9*(1+L9/100) -> 36300 | N9: 0 | O9: =ROUND(E9*N9,2) -> 0 | P9: 0 | Q9: =ROUND(E9*P9,2) -> 0 | S9: Vlastní | T9: Indiv | U9: 0 | V9: =ROUND(E9*U9,2) -> 0 | X9: VRN | AG9: POL99_0
A10: 2 | B10: 005111020R | C10: Vytyčení stavby | D10: Soubor | E10: 1 | F10: 35000 | G10: =ROUND(E10*F10,2) -> 35000 | I10: =ROUND(E10*H10,2) -> 0 | K10: =ROUND(E10*J10,2) -> 0 | L10: 21 | M10: =G10*(1+L10/100) -> 42350 | N10: 0 | O10: =ROUND(E10*N10,2) -> 0 | P10: 0 | Q10: =ROUND(E10*P10,2) -> 0 | S10: RTS 19/ II | T10: Indiv | U10: 0 | V10: =ROUND(E10*U10,2) -> 0 | X10: VRN | AG10: POL99_2
A11: 3 | B11: 005111021R | C11: Vytyčení inženýrských sítí | D11: Soubor | E11: 1 | F11: 15000 | G11: =ROUND(E11*F11,2) -> 15000 | I11: =ROUND(E11*H11,2) -> 0 | K11: =ROUND(E11*J11,2) -> 0 | L11: 21 | M11: =G11*(1+L11/100) -> 18150 | N11: 0 | O11: =ROUND(E11*N11,2) -> 0 | P11: 0 | Q11: =ROUND(E11*P11,2) -> 0 | S11: RTS 19/ II | T11: Indiv | U11: 0 | V11: =ROUND(E11*U11,2) -> 0 | X11: VRN | AG11: POL99_2
A12: 4 | B12: 00511T | C12: Geodetické zaměření stavby | D12: Soubor | E12: 1 | F12: 50000 | G12: =ROUND(E12*F12,2) -> 50000 | I12: =ROUND(E12*H12,2) -> 0 | K12: =ROUND(E12*J12,2) -> 0 | L12: 21 | M12: =G12*(1+L12/100) -> 60500 | N12: 0 | O12: =ROUND(E12*N12,2) -> 0 | P12: 0 | Q12: =ROUND(E12*P12,2) -> 0 | S12: Vlastní | T12: Indiv | U12: 0 | V12: =ROUND(E12*U12,2) -> 0 | X12: VRN | AG12: POL99_0
A13: 5 | B13: 005127 RT | C13: Pronájem mobilního WC po dobu výstavby vč.dopravy | D13: Soubor | E13: 1 | F13: 15000 | G13: =ROUND(E13*F13,2) -> 15000 | I13: =ROUND(E13*H13,2) -> 0 | K13: =ROUND(E13*J13,2) -> 0 | L13: 21 | M13: =G13*(1+L13/100) -> 18150 | N13: 0 | O13: =ROUND(E13*N13,2) -> 0 | P13: 0 | Q13: =ROUND(E13*P13,2) -> 0 | S13: Vlastní | T13: Indiv | U13: 0 | V13: =ROUND(E13*U13,2) -> 0 | X13: VRN | AG13: POL99_0
A14: 6 | B14: 005121010R | C14: Vybudování zařízení staveniště | D14: Soubor | E14: 1 | F14: 25000 | G14: =ROUND(E14*F14,2) -> 25000 | I14: =ROUND(E14*H14,2) -> 0 | K14: =ROUND(E14*J14,2) -> 0 | L14: 21 | M14: =G14*(1+L14/100) -> 30250 | N14: 0 | O14: =ROUND(E14*N14,2) -> 0 | P14: 0 | Q14: =ROUND(E14*P14,2) -> 0 | S14: RTS 19/ II | T14: Indiv | U14: 0 | V14: =ROUND(E14*U14,2) -> 0 | X14: VRN | AG14: POL99_2
A15: 7 | B15: 005121020R | C15: Provoz zařízení staveniště | D15: Soubor | E15: 1 | F15: 350000 | G15: =ROUND(E15*F15,2) -> 350000 | I15: =ROUND(E15*H15,2) -> 0 | K15: =ROUND(E15*J15,2) -> 0 | L15: 21 | M15: =G15*(1+L15/100) -> 423500 | N15: 0 | O15: =ROUND(E15*N15,2) -> 0 | P15: 0 | Q15: =ROUND(E15*P15,2) -> 0 | S15: RTS 19/ II | T15: Indiv | U15: 0 | V15: =ROUND(E15*U15,2) -> 0 | X15: VRN | AG15: POL99_2
A16: 8 | B16: 005121030R | C16: Odstranění zařízení staveniště | D16: Soubor | E16: 1 | F16: 10000 | G16: =ROUND(E16*F16,2) -> 10000 | I16: =ROUND(E16*H16,2) -> 0 | K16: =ROUND(E16*J16,2) -> 0 | L16: 21 | M16: =G16*(1+L16/100) -> 12100 | N16: 0 | O16: =ROUND(E16*N16,2) -> 0 | P16: 0 | Q16: =ROUND(E16*P16,2) -> 0 | S16: RTS 19/ II | T16: Indiv | U16: 0 | V16: =ROUND(E16*U16,2) -> 0 | X16: VRN | AG16: POL99_2
A17: 9 | B17: 005124010R | C17: Koordinační činnost | D17: Soubor | E17: 1 | F17: 35000 | G17: =ROUND(E17*F17,2) -> 35000 | I17: =ROUND(E17*H17,2) -> 0 | K17: =ROUND(E17*J17,2) -> 0 | L17: 21 | M17: =G17*(1+L17/100) -> 42350 | N17: 0 | O17: =ROUND(E17*N17,2) -> 0 | P17: 0 | Q17: =ROUND(E17*P17,2) -> 0 | S17: RTS 19/ II | T17: Indiv | U17: 0 | V17: =ROUND(E17*U17,2) -> 0 | X17: VRN | AG17: POL99_2
A18: Díl: | B18: ON | C18: Ostatní náklady | G18: =SUMIF(AG19:AG27,"<>NOR",G19:G27) -> 465000 | I18: =SUM(I19:I27) -> 0 | K18: =SUM(K19:K27) -> 0 | M18: =SUM(M19:M27) -> 562650 | O18: =SUM(O19:O27) -> 0 | Q18: =SUM(Q19:Q27) -> 0 | V18: =SUM(V19:V27) -> 0 | AG18: DIL
A19: 10 | B19: 00896T | C19: Oplocení staveniště po celou dobu výstavby | D19: Soubor | E19: 1 | F19: 55000 | G19: =ROUND(E19*F19,2) -> 55000 | I19: =ROUND(E19*H19,2) -> 0 | K19: =ROUND(E19*J19,2) -> 0 | L19: 21 | M19: =G19*(1+L19/100) -> 66550 | N19: 0 | O19: =ROUND(E19*N19,2) -> 0 | P19: 0 | Q19: =ROUND(E19*P19,2) -> 0 | S19: Vlastní | T19: Indiv | U19: 0 | V19: =ROUND(E19*U19,2) -> 0 | X19: VRN | AG19: POL99_0
A20: 11 | B20: 004111010R | C20: Průzkumné práce | D20: Soubor | E20: 1 | F20: 50000 | G20: =ROUND(E20*F20,2) -> 50000 | I20: =ROUND(E20*H20,2) -> 0 | K20: =ROUND(E20*J20,2) -> 0 | L20: 21 | M20: =G20*(1+L20/100) -> 60500 | N20: 0 | O20: =ROUND(E20*N20,2) -> 0 | P20: 0 | Q20: =ROUND(E20*P20,2) -> 0 | S20: RTS 19/ II | T20: Indiv | U20: 0 | V20: =ROUND(E20*U20,2) -> 0 | X20: VRN | AG20: POL99_2
A21: 12 | B21: 00511 R | C21: Geodetické práce | D21: Soubor | E21: 1 | F21: 100000 | G21: =ROUND(E21*F21,2) -> 100000 | I21: =ROUND(E21*H21,2) -> 0 | K21: =ROUND(E21*J21,2) -> 0 | L21: 21 | M21: =G21*(1+L21/100) -> 121000 | N21: 0 | O21: =ROUND(E21*N21,2) -> 0 | P21: 0 | Q21: =ROUND(E21*P21,2) -> 0 | S21: RTS 19/ II | T21: Indiv | U21: 0 | V21: =ROUND(E21*U21,2) -> 0 | X21: VRN | AG21: POL99_2
A22: 13 | B22: 005211020R | C22: Ochrana stávaj. inženýrských sítí na staveništi | D22: Soubor | E22: 1 | F22: 50000 | G22: =ROUND(E22*F22,2) -> 50000 | I22: =ROUND(E22*H22,2) -> 0 | K22: =ROUND(E22*J22,2) -> 0 | L22: 21 | M22: =G22*(1+L22/100) -> 60500 | N22: 0 | O22: =ROUND(E22*N22,2) -> 0 | P22: 0 | Q22: =ROUND(E22*P22,2) -> 0 | S22: RTS 19/ II | T22: Indiv | U22: 0 | V22: =ROUND(E22*U22,2) -> 0 | X22: VRN | AG22: POL99_2
A23: 14 | B23: 005211080R | C23: Bezpečnostní a hygienická opatření na staveništi | D23: Soubor | E23: 1 | F23: 50000 | G23: =ROUND(E23*F23,2) -> 50000 | I23: =ROUND(E23*H23,2) -> 0 | K23: =ROUND(E23*J23,2) -> 0 | L23: 21 | M23: =G23*(1+L23/100) -> 60500 | N23: 0 | O23: =ROUND(E23*N23,2) -> 0 | P23: 0 | Q23: =ROUND(E23*P23,2) -> 0 | S23: RTS 19/ II | T23: Indiv | U23: 0 | V23: =ROUND(E23*U23,2) -> 0 | X23: VRN | AG23: POL99_2
A24: 15 | B24: 00523 R | C24: Zkoušky a revize | D24: Soubor | E24: 1 | F24: 10000 | G24: =ROUND(E24*F24,2) -> 10000 | I24: =ROUND(E24*H24,2) -> 0 | K24: =ROUND(E24*J24,2) -> 0 | L24: 21 | M24: =G24*(1+L24/100) -> 12100 | N24: 0 | O24: =ROUND(E24*N24,2) -> 0 | P24: 0 | Q24: =ROUND(E24*P24,2) -> 0 | S24: RTS 19/ II | T24: Indiv | U24: 0 | V24: =ROUND(E24*U24,2) -> 0 | X24: VRN | AG24: POL99_2
A25: 16 | B25: 005241010R | C25: Dokumentace skutečného provedení | D25: Soubor | E25: 1 | F25: 20000 | G25: =ROUND(E25*F25,2) -> 20000 | I25: =ROUND(E25*H25,2) -> 0 | K25: =ROUND(E25*J25,2) -> 0 | L25: 21 | M25: =G25*(1+L25/100) -> 24200 | N25: 0 | O25: =ROUND(E25*N25,2) -> 0 | P25: 0 | Q25: =ROUND(E25*P25,2) -> 0 | S25: RTS 19/ II | T25: Indiv | U25: 0 | V25: =ROUND(E25*U25,2) -> 0 | X25: VRN | AG25: POL99_2
A26: 17 | B26: 005241020R | C26: Geodetické zaměření skutečného provedení | D26: Soubor | E26: 1 | F26: 80000 | G26: =ROUND(E26*F26,2) -> 80000 | I26: =ROUND(E26*H26,2) -> 0 | K26: =ROUND(E26*J26,2) -> 0 | L26: 21 | M26: =G26*(1+L26/100) -> 96800 | N26: 0 | O26: =ROUND(E26*N26,2) -> 0 | P26: 0 | Q26: =ROUND(E26*P26,2) -> 0 | S26: RTS 19/ II | T26: Indiv | U26: 0 | V26: =ROUND(E26*U26,2) -> 0 | X26: VRN | AG26: POL99_2
A27: 18 | B27: 005241030T | C27: Vyhotovení geometrického plánu | D27: Soubor | E27: 1 | F27: 50000 | G27: =ROUND(E27*F27,2) -> 50000 | I27: =ROUND(E27*H27,2) -> 0 | K27: =ROUND(E27*J27,2) -> 0 | L27: 21 | M27: =G27*(1+L27/100) -> 60500 | N27: 0 | O27: =ROUND(E27*N27,2) -> 0 | P27: 0 | Q27: =ROUND(E27*P27,2) -> 0 | S27: Vlastní | T27: Indiv | U27: 0 | V27: =ROUND(E27*U27,2) -> 0 | X27: VRN | AG27: POL99_0
AE28: 15 | AF28: 21 | AG28: DPH
B29: Celkem | G29: =G8+G18 -> 1030000 | AE29: =SUMIF(L7:L27,AE28,G7:G27) -> 0 | AF29: =SUMIF(L7:L27,AF28,G7:G27) -> 1030000 | AG29: SUM
A32: Poznámky uchazeče k zadání
AG33: POPUZIV
AG39: END

Sheet IO 710 IO 710 Pol
A1: Položkový rozpočet | AG1: #TypZaznamu#
A2: S: | B2: 2409.2 | C2: Český technologický park Brno, zóna C - objekty D, E, F - infrastruktura | AG2: STA
A3: O: | B3: IO 710 | C3: Plynovod - přeložka | AC3: STA | AG3: OBJ
A4: R: | B4: IO 710 | C4: Plynovod - přeložka | AG4: ROZ
A6: P.č. | B6: Číslo položky | C6: Název položky | D6: MJ | E6: Množství | F6: Cena / MJ | G6: Celkem | H6: Dodávka | I6: Dodávka celk. | J6: Montáž | K6: Montáž celk. | L6: DPH | M6: Cena s DPH | N6: Hmotnost / MJ | O6: Hmotnost celk.(t) | P6: Dem. hmotnost / MJ | Q6: Dem. hmotnost celk.(t) | R6: Ceník | S6: Cen. soustava / platnost | T6: Cenová úroveň | U6: Nhod / MJ | V6: Nhod celk. | W6: Dodavatel | X6: Typ položky
A8: Díl: | B8: 1 | C8: Zemní práce | G8: =SUMIF(AG9:AG156,"<>NOR",G9:G156) -> 1895741 | I8: =SUM(I9:I156) -> 0 | K8: =SUM(K9:K156) -> 0 | M8: =SUM(M9:M156) -> 2293846.6 | O8: =SUM(O9:O156) -> 492.54 | Q8: =SUM(Q9:Q156) -> 17.02 | V8: =SUM(V9:V156) -> 4846.74 | AG8: DIL
A9: 1 | B9: 113107540R00 | C9: Odstranění podkladu pl. 50 m2,kam.drcené tl.40 cm | D9: m2 | E9: 11.25 | F9: 499 | G9: =ROUND(E9*F9,2) -> 5613.75 | I9: =ROUND(E9*H9,2) -> 0 | K9: =ROUND(E9*J9,2) -> 0 | L9: 21 | M9: =G9*(1+L9/100) -> 6792.6375 | N9: 0 | O9: =ROUND(E9*N9,2) -> 0 | P9: 0.88 | Q9: =ROUND(E9*P9,2) -> 9.9 | S9: RTS 19/ II | T9: RTS 19/ II | U9: 1.248 | V9: =ROUND(E9*U9,2) -> 14.04 | X9: Práce | AG9: POL1_1
C10: asfaltová komunikace : | AG10: VV | AH10: 0
C11: 7,50*1,50 | E11: 11.25 | AG11: VV | AH11: 0
A12: 2 | B12: 113108310R00 | C12: Odstranění asfaltové vrstvy pl. do 50 m2, tl.10 cm | D12: m2 | E12: 11.25 | F12: 150 | G12: =ROUND(E12*F12,2) -> 1687.5 | I12: =ROUND(E12*H12,2) -> 0 | K12: =ROUND(E12*J12,2) -> 0 | L12: 21 | M12: =G12*(1+L12/100) -> 2041.875 | N12: 0 | O12: =ROUND(E12*N12,2) -> 0 | P12: 0.22 | Q12: =ROUND(E12*P12,2) -> 2.48 | S12: RTS 19/ II | T12: RTS 19/ II | U12: 0.375 | V12: =ROUND(E12*U12,2) -> 4.22 | X12: Práce | AG12: POL1_1
C13: asfaltová komunikace : | AG13: VV | AH13: 0
C14: 7,50*1,50 | E14: 11.25 | AG14: VV | AH14: 0
A15: 3 | B15: 132201219R00 | C15: Přípl.za lepivost,hloubení rýh 200cm,hor.3,STROJNĚ | D15: m3 | E15: 539.9625 | F15: 26 | G15: =ROUND(E15*F15,2) -> 14039.03 | I15: =ROUND(E15*H15,2) -> 0 | K15: =ROUND(E15*J15,2) -> 0 | L15: 21 | M15: =G15*(1+L15/100) -> 16987.226 | N15: 0 | O15: =ROUND(E15*N15,2) -> 0 | P15: 0 | Q15: =ROUND(E15*P15,2) -> 0 | S15: RTS 19/ II | T15: RTS 19/ II | U15: 0.084 | V15: =ROUND(E15*U15,2) -> 45.36 | X15: Práce | AG15: POL1_1
C16: přeložka plynu : | AG16: VV | AH16: 0
C17: Začátek provozního součtu | AG17: VV
C18: 392,70*1,10*2,50 | E18: 1079.925 | AG18: VV | AH18: 2
C19: Konec provozního součtu | AG19: VV
C20: 1079,9250/2 | E20: 539.9625 | AG20: VV | AH20: 0
A21: 4 | B21: 113106231R00 | C21: Rozebrání dlažeb ze zámkové dlažby v kamenivu | D21: m2 | E21: 6 | F21: 43 | G21: =ROUND(E21*F21,2) -> 258 | I21: =ROUND(E21*H21,2) -> 0 | K21: =ROUND(E21*J21,2) -> 0 | L21: 21 | M21: =G21*(1+L21/100) -> 312.18 | N21: 0 | O21: =ROUND(E21*N21,2) -> 0 | P21: 0.225 | Q21: =ROUND(E21*P21,2) -> 1.35 | S21: RTS 19/ II | T21: RTS 19/ II | U21: 0.142 | V21: =ROUND(E21*U21,2) -> 0.85 | X21: Práce | AG21: POL1_1
C22: stávající chodník : | AG22: VV | AH22: 0
C23: 1,50*2,00 | E23: 3 | AG23: VV | AH23: 0
C24: 1,50*2,00 | E24: 3 | AG24: VV | AH24: 0
A25: 5 | B25: 113151111R00 | C25: Rozebrání ploch ze silničních panelů | D25: m2 | E25: 6 | F25: 44 | G25: =ROUND(E25*F25,2) -> 264 | I25: =ROUND(E25*H25,2) -> 0 | K25: =ROUND(E25*J25,2) -> 0 | L25: 21 | M25: =G25*(1+L25/100) -> 319.44 | N25: 0 | O25: =ROUND(E25*N25,2) -> 0 | P25: 0.355 | Q25: =ROUND(E25*P25,2) -> 2.13 | S25: RTS 19/ II | T25: RTS 19/ II | U25: 0.062 | V25: =ROUND(E25*U25,2) -> 0.37 | X25: Práce | AG25: POL1_1
C26: zachování průjezdnosti panelové cesty : | AG26: VV | AH26: 0
C27: odstranění panelů po zhotovení prací : | AG27: VV | AH27: 0
C28: 6,00 | E28: 6 | AG28: VV | AH28: 0
A29: 6 | B29: 113202111R00 | C29: Vytrhání obrub z krajníků nebo obrubníků stojatých | D29: m | E29: 8 | F29: 65 | G29: =ROUND(E29*F29,2) -> 520 | I29: =ROUND(E29*H29,2) -> 0 | K29: =ROUND(E29*J29,2) -> 0 | L29: 21 | M29: =G29*(1+L29/100) -> 629.2 | N29: 0 | O29: =ROUND(E29*N29,2) -> 0 | P29: 0.145 | Q29: =ROUND(E29*P29,2) -> 1.16 | S29: RTS 19/ II | T29: RTS 19/ II | U29: 0.133 | V29: =ROUND(E29*U29,2) -> 1.06 | X29: Práce | AG29: POL1_1
C30: stávající chodník : | AG30: VV | AH30: 0
C31: 2*2,00 | E31: 4 | AG31: VV | AH31: 0
C32: 2*2,00 | E32: 4 | AG32: VV | AH32: 0
A33: 7 | B33: 121101103R00 | C33: Sejmutí ornice s přemístěním přes 100 do 250 m | D33: m3 | E33: 1.2 | F33: 133 | G33: =ROUND(E33*F33,2) -> 159.6 | I33: =ROUND(E33*H33,2) -> 0 | K33: =ROUND(E33*J33,2) -> 0 | L33: 21 | M33: =G33*(1+L33/100) -> 193.116 | N33: 0 | O33: =ROUND(E33*N33,2) -> 0 | P33: 0 | Q33: =ROUND(E33*P33,2) -> 0 | S33: RTS 19/ II | T33: RTS 19/ II | U33: 0.0134 | V33: =ROUND(E33*U33,2) -> 0.02 | X33: Práce | AG33: POL1_1
C34: zachování průjezdnosti panelové cesty : | AG34: VV | AH34: 0
C35: sejmutí ornice : | AG35: VV | AH35: 0
C36: 6,00*0,20 | E36: 1.2 | AG36: VV | AH36: 0
A37: 8 | B37: 122201101R00 | C37: Odkopávky nezapažené v hor. 3 do 100 m3 | D37: m3 | E37: 1.2 | F37: 143 | G37: =ROUND(E37*F37,2) -> 171.6 | I37: =ROUND(E37*H37,2) -> 0 | K37: =ROUND(E37*J37,2) -> 0 | L37: 21 | M37: =G37*(1+L37/100) -> 207.636 | N37: 0 | O37: =ROUND(E37*N37,2) -> 0 | P37: 0 | Q37: =ROUND(E37*P37,2) -> 0 | S37: RTS 19/ II | T37: RTS 19/ II | U37: 0.368 | V37: =ROUND(E37*U37,2) -> 0.44 | X37: Práce | AG37: POL1_1
C38: zachování průjezdnosti panelové cesty : | AG38: VV | AH38: 0
C39: odkopávka pod ornicí : | AG39: VV | AH39: 0
C40: 6,00*0,20 | E40: 1.2 | AG40: VV | AH40: 0
A41: 9 | B41: 130001101R00 | C41: Příplatek za ztížené hloubení v blízkosti vedení | D41: m3 | E41: 90 | F41: 529 | G41: =ROUND(E41*F41,2) -> 47610 | I41: =ROUND(E41*H41,2) -> 0 | K41: =ROUND(E41*J41,2) -> 0 | L41: 21 | M41: =G41*(1+L41/100) -> 57608.1 | N41: 0 | O41: =ROUND(E41*N41,2) -> 0 | P41: 0 | Q41: =ROUND(E41*P41,2) -> 0 | S41: RTS 19/ II | T41: RTS 19/ II | U41: 1.763 | V41: =ROUND(E41*U41,2) -> 158.67 | X41: Práce | AG41: POL1_1
A42: 10 | B42: 132201211R00 | C42: Hloubení rýh š.do 200 cm hor.3 do 100 m3,STROJNĚ | D42: m3 | E42: 1719.3 | F42: 160 | G42: =ROUND(E42*F42,2) -> 275088 | I42: =ROUND(E42*H42,2) -> 0 | K42: =ROUND(E42*J42,2) -> 0 | L42: 21 | M42: =G42*(1+L42/100) -> 332856.48 | N42: 0 | O42: =ROUND(E42*N42,2) -> 0 | P42: 0 | Q42: =ROUND(E42*P42,2) -> 0 | S42: RTS 19/ II | T42: RTS 19/ II | U42: 0.222 | V42: =ROUND(E42*U42,2) -> 381.68 | X42: Práce | AG42: POL1_1
C43: přeložka plynu : | AG43: VV | AH43: 0
C44: 392,70*1,10*2,50 | E44: 1079.92 | AG44: VV | AH44: 0
C45: odkrytí potrubí pro vyřazení z provozu : | AG45: VV | AH45: 0
C46: 3,50*1,10*2,50 | E46: 9.63 | AG46: VV | AH46: 0
C47: 10,00*1,10*2,50 | E47: 27.5 | AG47: VV | AH47: 0
C48: výkop pro vyřazení potrubí z provozu vytěžením : | AG48: VV | AH48: 0
C49: 208,00*1,10*2,50 | E49: 572 | AG49: VV | AH49: 0
C50: odkrytí pro přepojení potrubí : | AG50: VV | AH50: 0
C51: 6,00*1,10*2,50 | E51: 16.5 | AG51: VV | AH51: 0
C52: odkrytí potrubí pro zřízení obtoku : | AG52: VV | AH52: 0
C53: 2,50*1,10*2,50 | E53: 6.88 | AG53: VV | AH53: 0
C54: 2,50*1,10*2,50 | E54: 6.88 | AG54: VV | AH54: 0
A55: 11 | B55: 133201101R00 | C55: Hloubení šachet v hor.3 do 100 m3 | D55: m3 | E55: 10 | F55: 502 | G55: =ROUND(E55*F55,2) -> 5020 | I55: =ROUND(E55*H55,2) -> 0 | K55: =ROUND(E55*J55,2) -> 0 | L55: 21 | M55: =G55*(1+L55/100) -> 6074.2 | N55: 0 | O55: =ROUND(E55*N55,2) -> 0 | P55: 0 | Q55: =ROUND(E55*P55,2) -> 0 | S55: RTS 19/ II | T55: RTS 19/ II | U55: 3.131 | V55: =ROUND(E55*U55,2) -> 31.31 | X55: Práce | AG55: POL1_1
C56: šachta pro zalití stávajícího potrubí cementopopílkovou suspenzí : | AG56: VV | AH56: 0
C57: 2,00*2,00*2,50 | E57: 10 | AG57: VV | AH57: 0
A58: 12 | B58: 151101102R00 | C58: Pažení a rozepření stěn rýh - příložné - hl. do 4m | D58: m2 | E58: 3126 | F58: 174 | G58: =ROUND(E58*F58,2) -> 543924 | I58: =ROUND(E58*H58,2) -> 0 | K58: =ROUND(E58*J58,2) -> 0 | L58: 21 | M58: =G58*(1+L58/100) -> 658148.04 | N58: 0.00086 | O58: =ROUND(E58*N58,2) -> 2.69 | P58: 0 | Q58: =ROUND(E58*P58,2) -> 0 | S58: RTS 19/ II | T58: RTS 19/ II | U58: 0.479 | V58: =ROUND(E58*U58,2) -> 1497.35 | X58: Práce | AG58: POL1_1
C59: přeložka plynu : | AG59: VV | AH59: 0
C60: (392,70*2,50)*2 | E60: 1963.5 | AG60: VV | AH60: 0
C61: odkrytí potrubí pro vyřazení z provozu : | AG61: VV | AH61: 0
C62: (3,50*2,50)*2 | E62: 17.5 | AG62: VV | AH62: 0
C63: (10,00*2,50)*2 | E63: 50 | AG63: VV | AH63: 0
C64: výkop pro vyřazení potrubí z provozu vytěžením : | AG64: VV | AH64: 0
C65: (208,00*2,50)*2 | E65: 1040 | AG65: VV | AH65: 0
C66: odkrytí pro přepojení potrubí : | AG66: VV | AH66: 0
C67: (6,00*2,50)*2 | E67: 30 | AG67: VV | AH67: 0
C68: odkrytí potrubí pro zřízení obtoku : | AG68: VV | AH68: 0
C69: (2,50*2,50)*2 | E69: 12.5 | AG69: VV | AH69: 0
C70: (2,50*2,50)*2 | E70: 12.5 | AG70: VV | AH70: 0
A71: 13 | B71: 151101112R00 | C71: Odstranění pažení stěn rýh - příložné - hl. do 4 m | D71: m2 | E71: 3126 | F71: 98 | G71: =ROUND(E71*F71,2) -> 306348 | I71: =ROUND(E71*H71,2) -> 0 | K71: =ROUND(E71*J71,2) -> 0 | L71: 21 | M71: =G71*(1+L71/100) -> 370681.08 | N71: 0 | O71: =ROUND(E71*N71,2) -> 0 | P71: 0 | Q71: =ROUND(E71*P71,2) -> 0 | S71: RTS 19/ II | T71: RTS 19/ II | U71: 0.327 | V71: =ROUND(E71*U71,2) -> 1022.2 | X71: Práce | AG71: POL1_1
C72: přeložka plynu : | AG72: VV | AH72: 0
C73: (392,70*2,50)*2 | E73: 1963.5 | AG73: VV | AH73: 0
C74: odkrytí potrubí pro vyřazení z provozu : | AG74: VV | AH74: 0
C75: (3,50*2,50)*2 | E75: 17.5 | AG75: VV | AH75: 0
C76: (10,00*2,50)*2 | E76: 50 | AG76: VV | AH76: 0
C77: výkop pro vyřazení potrubí z provozu vytěžením : | AG77: VV | AH77: 0
C78: (208,00*2,50)*2 | E78: 1040 | AG78: VV | AH78: 0
C79: odkrytí pro přepojení potrubí : | AG79: VV | AH79: 0
C80: (6,00*2,50)*2 | E80: 30 | AG80: VV | AH80: 0
C81: odkrytí potrubí pro zřízení obtoku : | AG81: VV | AH81: 0
C82: (2,50*2,50)*2 | E82: 12.5 | AG82: VV | AH82: 0
C83: (2,50*2,50)*2 | E83: 12.5 | AG83: VV | AH83: 0
A84: 14 | B84: 151401501R00 | C84: Přepažení rozepření - příložné - hl. do 4 m | D84: m3 | E84: 1719.3 | F84: 70 | G84: =ROUND(E84*F84,2) -> 120351 | I84: =ROUND(E84*H84,2) -> 0 | K84: =ROUND(E84*J84,2) -> 0 | L84: 21 | M84: =G84*(1+L84/100) -> 145624.71 | N84: 0 | O84: =ROUND(E84*N84,2) -> 0 | P84: 0 | Q84: =ROUND(E84*P84,2) -> 0 | S84: RTS 19/ II | T84: RTS 19/ II | U84: 0.039 | V84: =ROUND(E84*U84,2) -> 67.05 | X84: Práce | AG84: POL1_1
C85: přeložka plynu : | AG85: VV | AH85: 0
C86: 392,70*1,10*2,50 | E86: 1079.92 | AG86: VV | AH86: 0
C87: odkrytí potrubí pro vyřazení z provozu : | AG87: VV | AH87: 0
C88: 3,50*1,10*2,50 | E88: 9.63 | AG88: VV | AH88: 0
C89: 10,00*1,10*2,50 | E89: 27.5 | AG89: VV | AH89: 0
C90: výkop pro vyřazení potrubí z provozu vytěžením : | AG90: VV | AH90: 0
C91: 208,00*1,10*2,50 | E91: 572 | AG91: VV | AH91: 0
C92: odkrytí pro přepojení potrubí : | AG92: VV | AH92: 0
C93: 6,00*1,10*2,50 | E93: 16.5 | AG93: VV | AH93: 0
C94: odkrytí potrubí pro zřízení obtoku : | AG94: VV | AH94: 0
C95: 2,50*1,10*2,50 | E95: 6.88 | AG95: VV | AH95: 0
C96: 2,50*1,10*2,50 | E96: 6.88 | AG96: VV | AH96: 0
A97: 15 | B97: 161101102R00 | C97: Svislé přemístění výkopku z hor.1-4 do 4,0 m | D97: m3 | E97: 1729.3 | F97: 17 | G97: =ROUND(E97*F97,2) -> 29398.1 | I97: =ROUND(E97*H97,2) -> 0 | K97: =ROUND(E97*J97,2) -> 0 | L97: 21 | M97: =G97*(1+L97/100) -> 35571.701 | N97: 0 | O97: =ROUND(E97*N97,2) -> 0 | P97: 0 | Q97: =ROUND(E97*P97,2) -> 0 | S97: RTS 19/ II | T97: RTS 19/ II | U97: 0.519 | V97: =ROUND(E97*U97,2) -> 897.51 | X97: Práce | AG97: POL1_0
C98: přeložka plynu : | AG98: VV | AH98: 0
C99: 392,70*1,10*2,50 | E99: 1079.92 | AG99: VV | AH99: 0
C100: šachta pro zalití stávajícího potrubí cementopopílkovou suspenzí : | AG100: VV | AH100: 0
C101: 2,00*2,00*2,50 | E101: 10 | AG101: VV | AH101: 0
C102: odkrytí potrubí pro vyřazení z provozu : | AG102: VV | AH102: 0
...

Sheet IO 720a IO 720a Pol
A1: Položkový rozpočet | AG1: #TypZaznamu#
A2: S: | B2: 2409.2 | C2: Český technologický park Brno, zóna C - objekty D, E, F - infrastruktura | AG2: STA
A3: O: | B3: IO 720a | C3: Přípojka kanalizace (objekt D) | AC3: STA | AG3: OBJ
A4: R: | B4: IO 720a | C4: Přípojka kanalizace (objekt D) | AG4: ROZ
A6: P.č. | B6: Číslo položky | C6: Název položky | D6: MJ | E6: Množství | F6: Cena / MJ | G6: Celkem | H6: Dodávka | I6: Dodávka celk. | J6: Montáž | K6: Montáž celk. | L6: DPH | M6: Cena s DPH | N6: Hmotnost / MJ | O6: Hmotnost celk.(t) | P6: Dem. hmotnost / MJ | Q6: Dem. hmotnost celk.(t) | R6: Ceník | S6: Cen. soustava / platnost | T6: Cenová úroveň | U6: Nhod / MJ | V6: Nhod celk. | W6: Dodavatel | X6: Typ položky
A8: Díl: | B8: 1 | C8: Zemní práce | G8: =SUMIF(AG9:AG47,"<>NOR",G9:G47) -> 32633.34 | I8: =SUM(I9:I47) -> 0 | K8: =SUM(K9:K47) -> 0 | M8: =SUM(M9:M47) -> 39486.341 | O8: =SUM(O9:O47) -> 0.05 | Q8: =SUM(Q9:Q47) -> 0 | V8: =SUM(V9:V47) -> 80.29 | AG8: DIL
A9: 1 | B9: 132201219R00 | C9: Přípl.za lepivost,hloubení rýh 200cm,hor.3,STROJNĚ | D9: m3 | E9: 16.2662 | F9: 26 | G9: =ROUND(E9*F9,2) -> 422.92 | I9: =ROUND(E9*H9,2) -> 0 | K9: =ROUND(E9*J9,2) -> 0 | L9: 21 | M9: =G9*(1+L9/100) -> 511.7332 | N9: 0 | O9: =ROUND(E9*N9,2) -> 0 | P9: 0 | Q9: =ROUND(E9*P9,2) -> 0 | S9: RTS 19/ II | T9: RTS 19/ II | U9: 0.084 | V9: =ROUND(E9*U9,2) -> 1.37 | X9: Práce | AG9: POL1_1
C10: rýha pro kanalizaci : | AG10: VV | AH10: 0
C11: Začátek provozního součtu | AG11: VV
C12: 8,45*1,10*3,50 | E12: 32.5325 | AG12: VV | AH12: 2
C13: Konec provozního součtu | AG13: VV
C14: 32,5325/2 | E14: 16.26625 | AG14: VV | AH14: 0
A15: 2 | B15: 132201211R00 | C15: Hloubení rýh š.do 200 cm hor.3 do 100 m3,STROJNĚ | D15: m3 | E15: 32.5325 | F15: 160 | G15: =ROUND(E15*F15,2) -> 5205.2 | I15: =ROUND(E15*H15,2) -> 0 | K15: =ROUND(E15*J15,2) -> 0 | L15: 21 | M15: =G15*(1+L15/100) -> 6298.292 | N15: 0 | O15: =ROUND(E15*N15,2) -> 0 | P15: 0 | Q15: =ROUND(E15*P15,2) -> 0 | S15: RTS 19/ II | T15: RTS 19/ II | U15: 0.222 | V15: =ROUND(E15*U15,2) -> 7.22 | X15: Práce | AG15: POL1_1
C16: rýha pro kanalizaci : | AG16: VV | AH16: 0
C17: 8,45*1,10*3,50 | E17: 32.53 | AG17: VV | AH17: 0
A18: 3 | B18: 151101102R00 | C18: Pažení a rozepření stěn rýh - příložné - hl. do 4m | D18: m2 | E18: 59.15 | F18: 174 | G18: =ROUND(E18*F18,2) -> 10292.1 | I18: =ROUND(E18*H18,2) -> 0 | K18: =ROUND(E18*J18,2) -> 0 | L18: 21 | M18: =G18*(1+L18/100) -> 12453.441 | N18: 0.00086 | O18: =ROUND(E18*N18,2) -> 0.05 | P18: 0 | Q18: =ROUND(E18*P18,2) -> 0 | S18: RTS 19/ II | T18: RTS 19/ II | U18: 0.479 | V18: =ROUND(E18*U18,2) -> 28.33 | X18: Práce | AG18: POL1_1
C19: rýha pro kanalizaci : | AG19: VV | AH19: 0
C20: (8,45*3,50)*2 | E20: 59.15 | AG20: VV | AH20: 0
A21: 4 | B21: 151101112R00 | C21: Odstranění pažení stěn rýh - příložné - hl. do 4 m | D21: m2 | E21: 59.15 | F21: 98 | G21: =ROUND(E21*F21,2) -> 5796.7 | I21: =ROUND(E21*H21,2) -> 0 | K21: =ROUND(E21*J21,2) -> 0 | L21: 21 | M21: =G21*(1+L21/100) -> 7014.007 | N21: 0 | O21: =ROUND(E21*N21,2) -> 0 | P21: 0 | Q21: =ROUND(E21*P21,2) -> 0 | S21: RTS 19/ II | T21: RTS 19/ II | U21: 0.327 | V21: =ROUND(E21*U21,2) -> 19.34 | X21: Práce | AG21: POL1_1
C22: rýha pro kanalizaci : | AG22: VV | AH22: 0
C23: (8,45*3,50)*2 | E23: 59.15 | AG23: VV | AH23: 0
A24: 5 | B24: 151401501R00 | C24: Přepažení rozepření - příložné - hl. do 4 m | D24: m3 | E24: 32.5325 | F24: 70 | G24: =ROUND(E24*F24,2) -> 2277.28 | I24: =ROUND(E24*H24,2) -> 0 | K24: =ROUND(E24*J24,2) -> 0 | L24: 21 | M24: =G24*(1+L24/100) -> 2755.5088 | N24: 0 | O24: =ROUND(E24*N24,2) -> 0 | P24: 0 | Q24: =ROUND(E24*P24,2) -> 0 | S24: RTS 19/ II | T24: RTS 19/ II | U24: 0.039 | V24: =ROUND(E24*U24,2) -> 1.27 | X24: Práce | AG24: POL1_1
C25: rýha pro kanalizaci : | AG25: VV | AH25: 0
C26: 8,45*1,10*3,50 | E26: 32.53 | AG26: VV | AH26: 0
A27: 6 | B27: 161101102R00 | C27: Svislé přemístění výkopku z hor.1-4 do 4,0 m | D27: m3 | E27: 32.5325 | F27: 17 | G27: =ROUND(E27*F27,2) -> 553.05 | I27: =ROUND(E27*H27,2) -> 0 | K27: =ROUND(E27*J27,2) -> 0 | L27: 21 | M27: =G27*(1+L27/100) -> 669.1905 | N27: 0 | O27: =ROUND(E27*N27,2) -> 0 | P27: 0 | Q27: =ROUND(E27*P27,2) -> 0 | S27: RTS 19/ II | T27: RTS 19/ II | U27: 0.519 | V27: =ROUND(E27*U27,2) -> 16.88 | X27: Práce | AG27: POL1_1
C28: rýha pro kanalizaci : | AG28: VV | AH28: 0
C29: 8,45*1,10*3,50 | E29: 32.53 | AG29: VV | AH29: 0
A30: 7 | B30: 162701105R00 | C30: Vodorovné přemístění výkopku z hor.1-4 do 10000 m | D30: m3 | E30: 5.3911 | F30: 159 | G30: =ROUND(E30*F30,2) -> 857.18 | I30: =ROUND(E30*H30,2) -> 0 | K30: =ROUND(E30*J30,2) -> 0 | L30: 21 | M30: =G30*(1+L30/100) -> 1037.1878 | N30: 0 | O30: =ROUND(E30*N30,2) -> 0 | P30: 0 | Q30: =ROUND(E30*P30,2) -> 0 | S30: RTS 19/ II | T30: RTS 19/ II | U30: 0.011 | V30: =ROUND(E30*U30,2) -> 0.06 | X30: Práce | AG30: POL1_1
C31: odvoz přebytečné zeminy na skládku : | AG31: VV | AH31: 0
C32: 8,45*1,10*0,58 | E32: 5.39 | AG32: VV | AH32: 0
A33: 8 | B33: 167101102R00 | C33: Nakládání výkopku z hor.1-4 v množství nad 100 m3 | D33: m3 | E33: 5.3911 | F33: 70 | G33: =ROUND(E33*F33,2) -> 377.38 | I33: =ROUND(E33*H33,2) -> 0 | K33: =ROUND(E33*J33,2) -> 0 | L33: 21 | M33: =G33*(1+L33/100) -> 456.6298 | N33: 0 | O33: =ROUND(E33*N33,2) -> 0 | P33: 0 | Q33: =ROUND(E33*P33,2) -> 0 | S33: RTS 19/ II | T33: RTS 19/ II | U33: 0.053 | V33: =ROUND(E33*U33,2) -> 0.29 | X33: Práce | AG33: POL1_1
C34: odvoz přebytečné zeminy na skládku : | AG34: VV | AH34: 0
C35: 8,45*1,10*0,58 | E35: 5.39 | AG35: VV | AH35: 0
A36: 9 | B36: 171201201R00 | C36: Uložení sypaniny na skl.-modelace na výšku přes 2m | D36: m3 | E36: 5.3911 | F36: 11 | G36: =ROUND(E36*F36,2) -> 59.3 | I36: =ROUND(E36*H36,2) -> 0 | K36: =ROUND(E36*J36,2) -> 0 | L36: 21 | M36: =G36*(1+L36/100) -> 71.753 | N36: 0 | O36: =ROUND(E36*N36,2) -> 0 | P36: 0 | Q36: =ROUND(E36*P36,2) -> 0 | S36: RTS 19/ II | T36: RTS 19/ II | U36: 0.009 | V36: =ROUND(E36*U36,2) -> 0.05 | X36: Práce | AG36: POL1_1
C37: odvoz přebytečné zeminy na skládku : | AG37: VV | AH37: 0
C38: 8,45*1,10*0,58 | E38: 5.39 | AG38: VV | AH38: 0
A39: 10 | B39: 174101101R00 | C39: Zásyp jam, rýh, šachet se zhutněním | D39: m3 | E39: 27.1414 | F39: 171 | G39: =ROUND(E39*F39,2) -> 4641.18 | I39: =ROUND(E39*H39,2) -> 0 | K39: =ROUND(E39*J39,2) -> 0 | L39: 21 | M39: =G39*(1+L39/100) -> 5615.8278 | N39: 0 | O39: =ROUND(E39*N39,2) -> 0 | P39: 0 | Q39: =ROUND(E39*P39,2) -> 0 | S39: RTS 19/ II | T39: RTS 19/ II | U39: 0.202 | V39: =ROUND(E39*U39,2) -> 5.48 | X39: Práce | AG39: POL1_1
C40: zásyp zbylého výkopu vykopanou zeminou : | AG40: VV | AH40: 0
C41: 8,45*1,10*(3,50-0,58) | E41: 27.14 | AG41: VV | AH41: 0
A42: 11 | B42: 199000005R00 | C42: Poplatek za skládku zeminy 1- 4 | D42: t | E42: 10.2431 | F42: 210 | G42: =ROUND(E42*F42,2) -> 2151.05 | I42: =ROUND(E42*H42,2) -> 0 | K42: =ROUND(E42*J42,2) -> 0 | L42: 21 | M42: =G42*(1+L42/100) -> 2602.7705 | N42: 0 | O42: =ROUND(E42*N42,2) -> 0 | P42: 0 | Q42: =ROUND(E42*P42,2) -> 0 | S42: RTS 19/ II | T42: RTS 19/ II | U42: 0 | V42: =ROUND(E42*U42,2) -> 0 | X42: Práce | AG42: POL1_1
C43: odvoz přebytečné zeminy na skládku : | AG43: VV | AH43: 0
C44: Začátek provozního součtu | AG44: VV
C45: 8,45*1,10*0,58 | E45: 5.39 | AG45: VV | AH45: 2
C46: Konec provozního součtu | AG46: VV
C47: 5,3911*1,90 | E47: 10.24 | AG47: VV | AH47: 0
A48: Díl: | B48: 2 | C48: Základy a zvláštní zakládání | G48: =SUMIF(AG49:AG51,"<>NOR",G49:G51) -> 310.84 | I48: =SUM(I49:I51) -> 0 | K48: =SUM(K49:K51) -> 0 | M48: =SUM(M49:M51) -> 376.1164 | O48: =SUM(O49:O51) -> 0.6 | Q48: =SUM(Q49:Q51) -> 0 | V48: =SUM(V49:V51) -> 0.37 | AG48: DIL
A49: 12 | B49: 271531113R00 | C49: Polštář základu z kameniva hr. drceného 16-32 mm | D49: m3 | E49: 0.3375 | F49: 921 | G49: =ROUND(E49*F49,2) -> 310.84 | I49: =ROUND(E49*H49,2) -> 0 | K49: =ROUND(E49*J49,2) -> 0 | L49: 21 | M49: =G49*(1+L49/100) -> 376.1164 | N49: 1.78164 | O49: =ROUND(E49*N49,2) -> 0.6 | P49: 0 | Q49: =ROUND(E49*P49,2) -> 0 | S49: RTS 19/ II | T49: RTS 19/ II | U49: 1.085 | V49: =ROUND(E49*U49,2) -> 0.37 | X49: Práce | AG49: POL1_1
C50: hutněný štěrkopískový podsyp pod šachtu tl.150 mm : | AG50: VV | AH50: 0
C51: 1,50*1,50*0,15 | E51: 0.34 | AG51: VV | AH51: 0
A52: Díl: | B52: 4 | C52: Vodorovné konstrukce | G52: =SUMIF(AG53:AG64,"<>NOR",G53:G64) -> 3715.26 | I52: =SUM(I53:I64) -> 0 | K52: =SUM(K53:K64) -> 0 | M52: =SUM(M53:M64) -> 4495.4646 | O52: =SUM(O53:O64) -> 3.23 | Q52: =SUM(Q53:Q64) -> 0 | V52: =SUM(V53:V64) -> 3.78 | AG52: DIL
A53: 13 | B53: 451572111R00 | C53: Lože pod potrubí z kameniva těženého 0 - 4 mm | D53: m3 | E53: 0.9295 | F53: 783 | G53: =ROUND(E53*F53,2) -> 727.8 | I53: =ROUND(E53*H53,2) -> 0 | K53: =ROUND(E53*J53,2) -> 0 | L53: 21 | M53: =G53*(1+L53/100) -> 880.638 | N53: 1.1322 | O53: =ROUND(E53*N53,2) -> 1.05 | P53: 0 | Q53: =ROUND(E53*P53,2) -> 0 | S53: RTS 19/ II | T53: RTS 19/ II | U53: 1.695 | V53: =ROUND(E53*U53,2) -> 1.58 | X53: Práce | AG53: POL1_1
C54: štěrkopískový podsyp tl.100 mm : | AG54: VV | AH54: 0
C55: 8,45*1,10*0,10 | E55: 0.93 | AG55: VV | AH55: 0
A56: 14 | B56: 452111121R00 | C56: Osazení betonových pražců plochy do 500 cm2 | D56: kus | E56: 8 | F56: 62 | G56: =ROUND(E56*F56,2) -> 496 | I56: =ROUND(E56*H56,2) -> 0 | K56: =ROUND(E56*J56,2) -> 0 | L56: 21 | M56: =G56*(1+L56/100) -> 600.16 | N56: 0.00165 | O56: =ROUND(E56*N56,2) -> 0.01 | P56: 0 | Q56: =ROUND(E56*P56,2) -> 0 | S56: RTS 19/ II | T56: RTS 19/ II | U56: 0.147 | V56: =ROUND(E56*U56,2) -> 1.18 | X56: Práce | AG56: POL1_1
C57: podkladní pražec : | AG57: VV | AH57: 0
C58: 8,00 | E58: 8 | AG58: VV | AH58: 0
A59: 15 | B59: 452312131R00 | C59: Sedlové lože pod potrubí z betonu C 12/15 | D59: m3 | E59: 0.7436 | F59: 2350 | G59: =ROUND(E59*F59,2) -> 1747.46 | I59: =ROUND(E59*H59,2) -> 0 | K59: =ROUND(E59*J59,2) -> 0 | L59: 21 | M59: =G59*(1+L59/100) -> 2114.4266 | N59: 2.5 | O59: =ROUND(E59*N59,2) -> 1.86 | P59: 0 | Q59: =ROUND(E59*P59,2) -> 0 | S59: RTS 19/ II | T59: RTS 19/ II | U59: 1.365 | V59: =ROUND(E59*U59,2) -> 1.02 | X59: Práce | AG59: POL1_1
C60: podkladní beton tl.80 mm : | AG60: VV | AH60: 0
C61: 8,45*1,10*0,08 | E61: 0.74 | AG61: VV | AH61: 0
A62: 16 | B62: 59217011 | C62: Obrubník silniční betonový 150x250x500 mm | D62: kus | E62: 8 | F62: 93 | G62: =ROUND(E62*F62,2) -> 744 | I62: =ROUND(E62*H62,2) -> 0 | K62: =ROUND(E62*J62,2) -> 0 | L62: 21 | M62: =G62*(1+L62/100) -> 900.24 | N62: 0.0387 | O62: =ROUND(E62*N62,2) -> 0.31 | P62: 0 | Q62: =ROUND(E62*P62,2) -> 0 | R62: SPCM | S62: RTS 19/ II | T62: RTS 19/ II | U62: 0 | V62: =ROUND(E62*U62,2) -> 0 | X62: Specifikace | AG62: POL3_1
C63: podkladní pražec : | AG63: VV | AH63: 0
C64: 8,00 | E64: 8 | AG64: VV | AH64: 0
A65: Díl: | B65: 5 | C65: Komunikace | G65: =SUMIF(AG66:AG74,"<>NOR",G66:G74) -> 1694.64 | I65: =SUM(I66:I74) -> 0 | K65: =SUM(K66:K74) -> 0 | M65: =SUM(M66:M74) -> 2050.5144 | O65: =SUM(O66:O74) -> 0.72 | Q65: =SUM(Q66:Q74) -> 0 | V65: =SUM(V66:V74) -> 1.07 | AG65: DIL
A66: 17 | B66: 591241111R00 | C66: Kladení dlažby drobné kostky, lože z MC tl. 5 cm | D66: m2 | E66: 1.38 | F66: 678 | G66: =ROUND(E66*F66,2) -> 935.64 | I66: =ROUND(E66*H66,2) -> 0 | K66: =ROUND(E66*J66,2) -> 0 | L66: 21 | M66: =G66*(1+L66/100) -> 1132.1244 | N66: 0.30132 | O66: =ROUND(E66*N66,2) -> 0.42 | P66: 0 | Q66: =ROUND(E66*P66,2) -> 0 | S66: RTS 19/ II | T66: RTS 19/ II | U66: 0.774 | V66: =ROUND(E66*U66,2) -> 1.07 | X66: Práce | AG66: POL1_1
C67: dvojřádek žulových kostek 100x100x100 do betonového lože C16/20 tl.100 mm : | AG67: VV | AH67: 0
C68: 4,60*0,30 | E68: 1.38 | AG68: VV | AH68: 0
A69: 18 | B69: 58380120.A | C69: Kostka dlažební drobná 8/10 tř. 1 1t = 5 m2 | D69: m2 | E69: 1.518 | F69: 500 | G69: =ROUND(E69*F69,2) -> 759 | I69: =ROUND(E69*H69,2) -> 0 | K69: =ROUND(E69*J69,2) -> 0 | L69: 21 | M69: =G69*(1+L69/100) -> 918.39 | N69: 0.2 | O69: =ROUND(E69*N69,2) -> 0.3 | P69: 0 | Q69: =ROUND(E69*P69,2) -> 0 | R69: SPCM | S69: RTS 19/ II | T69: RTS 19/ II | U69: 0 | V69: =ROUND(E69*U69,2) -> 0 | X69: Specifikace | AG69: POL3_1
C70: dvojřádek žulových kostek 100x100x100 do betonového lože C16/20 tl.100 mm : | AG70: VV | AH70: 0
C71: Začátek provozního součtu | AG71: VV
C72: 4,60*0,30 | E72: 1.38 | AG72: VV | AH72: 2
C73: Konec provozního součtu | AG73: VV
C74: 1,38*1,10 | E74: 1.52 | AG74: VV | AH74: 0
A75: Díl: | B75: 63 | C75: Podlahy a podlahové konstrukce | G75: =SUMIF(AG76:AG94,"<>NOR",G76:G94) -> 3507.44 | I75: =SUM(I76:I94) -> 0 | K75: =SUM(K76:K94) -> 0 | M75: =SUM(M76:M94) -> 4244.0024 | O75: =SUM(O76:O94) -> 2.73 | Q75: =SUM(Q76:Q94) -> 0 | V75: =SUM(V76:V94) -> 4.4 | AG75: DIL
A76: 19 | B76: 631313511R00 | C76: Mazanina betonová tl. 8 - 12 cm C 12/15 | D76: m3 | E76: 0.9396 | F76: 2717 | G76: =ROUND(E76*F76,2) -> 2552.89 | I76: =ROUND(E76*H76,2) -> 0 | K76: =ROUND(E76*J76,2) -> 0 | L76: 21 | M76: =G76*(1+L76/100) -> 3088.9969 | N76: 2.525 | O76: =ROUND(E76*N76,2) -> 2.37 | P76: 0 | Q76: =ROUND(E76*P76,2) -> 0 | S76: RTS 19/ II | T76: RTS 19/ II | U76: 2.58 | V76: =ROUND(E76*U76,2) -> 2.42 | X76: Práce | AG76: POL1_1
C77: podkladní beton pod šachtu tl.100 mm : | AG77: VV | AH77: 0
C78: 1,40*1,40*0,10 | E78: 0.2 | AG78: VV | AH78: 0
C79: podkladní beton pod potrubí : | AG79: VV | AH79: 0
C80: 8,45*1,10*0,08 | E80: 0.74 | AG80: VV | AH80: 0
A81: 20 | B81: 631313611R00 | C81: Mazanina betonová tl. 8 - 12 cm C 16/20 | D81: m3 | E81: 0.138 | F81: 2865 | G81: =ROUND(E81*F81,2) -> 395.37 | I81: =ROUND(E81*H81,2) -> 0 | K81: =ROUND(E81*J81,2) -> 0 | L81: 21 | M81: =G81*(1+L81/100) -> 478.3977 | N81: 2.525 | O81: =ROUND(E81*N81,2) -> 0.35 | P81: 0 | Q81: =ROUND(E81*P81,2) -> 0 | S81: RTS 19/ II | T81: RTS 19/ II | U81: 2.58 | V81: =ROUND(E81*U81,2) -> 0.36 | X81: Práce | AG81: POL1_1
C82: podkladní beton pod žulové kostky tl.100 mm : | AG82: VV | AH82: 0
C83: 4,60*0,30*0,10 | E83: 0.14 | AG83: VV | AH83: 0
A84: 21 | B84: 631319153R00 | C84: Příplatek za přehlaz. mazanin pod povlaky tl. 12cm | D84: m3 | E84: 0.9396 | F84: 405 | G84: =ROUND(E84*F84,2) -> 380.54 | I84: =ROUND(E84*H84,2) -> 0 | K84: =ROUND(E84*J84,2) -> 0 | L84: 21 | M84: =G84*(1+L84/100) -> 460.4534 | N84: 0 | O84: =ROUND(E84*N84,2) -> 0 | P84: 0 | Q84: =ROUND(E84*P84,2) -> 0 | S84: RTS 19/ II | T84: RTS 19/ II | U84: 1.35 | V84: =ROUND(E84*U84,2) -> 1.27 | X84: Práce | AG84: POL1_1
C85: podkladní beton pod šachtu tl.100 mm : | AG85: VV | AH85: 0
C86: 1,40*1,40*0,10 | E86: 0.2 | AG86: VV | AH86: 0
C87: podkladní beton pod potrubí : | AG87: VV | AH87: 0
C88: 8,45*1,10*0,08 | E88: 0.74 | AG88: VV | AH88: 0
A89: 22 | B89: 631351101R00 | C89: Bednění stěn, rýh a otvorů v podlahách - zřízení | D89: m2 | E89: 0.56 | F89: 247 | G89: =ROUND(E89*F89,2) -> 138.32 | I89: =ROUND(E89*H89,2) -> 0 | K89: =ROUND(E89*J89,2) -> 0 | L89: 21 | M89: =G89*(1+L89/100) -> 167.3672 | N89: 0.01411 | O89: =ROUND(E89*N89,2) -> 0.01 | P89: 0 | Q89: =ROUND(E89*P89,2) -> 0 | S89: RTS 19/ II | T89: RTS 19/ II | U89: 0.396 | V89: =ROUND(E89*U89,2) -> 0.22 | X89: Práce | AG89: POL1_1
C90: podkladní beton pod šachtu tl.100 mm : | AG90: VV | AH90: 0
C91: (2*1,40+2*1,40)*0,10 | E91: 0.56 | AG91: VV | AH91: 0
A92: 23 | B92: 631351102R00 | C92: Bednění stěn, rýh a otvorů v podlahách -odstranění | D92: m2 | E92: 0.56 | F92: 72 | G92: =ROUND(E92*F92,2) -> 40.32 | I92: =ROUND(E92*H92,2) -> 0 | K92: =ROUND(E92*J92,2) -> 0 | L92: 21 | M92: =G92*(1+L92/100) -> 48.7872 | N92: 0 | O92: =ROUND(E92*N92,2) -> 0 | P92: 0 | Q92: =ROUND(E92*P92,2) -> 0 | S92: RTS 19/ II | T92: RTS 19/ II | U92: 0.24 | V92: =ROUND(E92*U92,2) -> 0.13 | X92: Práce | AG92: POL1_1
C93: podkladní beton pod šachtu tl.100 mm : | AG93: VV | AH93: 0
C94: (2*1,40+2*1,40)*0,10 | E94: 0.56 | AG94: VV | AH94: 0
A95: Díl: | B95: 8 | C95: Trubní vedení | G95: =SUMIF(AG96:AG120,"<>NOR",G96:G120) -> 27734.13 | I95: =SUM(I96:I120) -> 0 | K95: =SUM(K96:K120) -> 0 | M95: =SUM(M96:M120) -> 33558.297 | O95: =SUM(O96:O120) -> 12.7 | Q95: =SUM(Q96:Q120) -> 0 | V95: =SUM(V96:V120) -> 19.06 | AG95: DIL
A96: 24 | B96: 800-001 | C96: D+M napojení na stávající potrubí | D96: kus | E96: 1 | F96: 4700 | G96: =ROUND(E96*F96,2) -> 4700 | I96: =ROUND(E96*H96,2) -> 0 | K96: =ROUND(E96*J96,2) -> 0 | L96: 21 | M96: =G96*(1+L96/100) -> 5687 | N96: 0 | O96: =ROUND(E96*N96,2) -> 0 | P96: 0 | Q96: =ROUND(E96*P96,2) -> 0 | S96: Vlastní | T96: Indiv | U96: 0 | V96: =ROUND(E96*U96,2) -> 0 | X96: Práce | AG96: POL1_1
A97: 25 | B97: 831352121R00 | C97: Montáž trub kameninových, pryž. kroužek, DN 200 | D97: m | E97: 8.45 | F97: 133 | G97: =ROUND(E97*F97,2) -> 1123.85 | I97: =ROUND(E97*H97,2) -> 0 | K97: =ROUND(E97*J97,2) -> 0 | L97: 21 | M97: =G97*(1+L97/100) -> 1359.8585 | N97: 3e-05 | O97: =ROUND(E97*N97,2) -> 0 | P97: 0 | Q97: =ROUND(E97*P97,2) -> 0 | S97: RTS 19/ II | T97: RTS 19/ II | U97: 0.417 | V97: =ROUND(E97*U97,2) -> 3.52 | X97: Práce | AG97: POL1_1
C98: potrubí : | AG98: VV | AH98: 0
C99: 8,45 | E99: 8.45 | AG99: VV | AH99: 0
A100: 26 | B100: 837352221R00 | C100: Montáž tvarov. kamenin. jednoos. pryž. kr. DN 200 | D100: kus | E100: 1 | F100: 76 | G100: =ROUND(E100*F100,2) -> 76 | I100: =ROUND(E100*H100,2) -> 0 | K100: =ROUND(E100*J100,2) -> 0 | L100: 21 | M100: =G100*(1+L100/100) -> 91.96 | N100: 3e-05 | O100: =ROUND(E100*N100,2) -> 0 | P100: 0 | Q100: =ROUND(E100*P100,2) -> 0 | S100: RTS 19/ II | T100: RTS 19/ II | U100: 0.249 | V100: =ROUND(E100*U100,2) -> 0.25 | X100: Práce | AG100: POL1_1
C101: koleno DN 200/15 : | AG101: VV | AH101: 0
C102: 1,00 | E102: 1 | AG102: VV | AH102: 0
...

Sheet IO 730 IO 730 Pol
A1: Položkový rozpočet | AG1: #TypZaznamu#
A2: S: | B2: 2409.2 | C2: Český technologický park Brno, zóna C - objekty D, E, F - infrastruktura | AG2: STA
A3: O: | B3: IO 730 | C3: Vodovod - řady | AC3: STA | AG3: OBJ
A4: R: | B4: IO 730 | C4: Vodovod - řady | AG4: ROZ
A6: P.č. | B6: Číslo položky | C6: Název položky | D6: MJ | E6: Množství | F6: Cena / MJ | G6: Celkem | H6: Dodávka | I6: Dodávka celk. | J6: Montáž | K6: Montáž celk. | L6: DPH | M6: Cena s DPH | N6: Hmotnost / MJ | O6: Hmotnost celk.(t) | P6: Dem. hmotnost / MJ | Q6: Dem. hmotnost celk.(t) | R6: Ceník | S6: Cen. soustava / platnost | T6: Cenová úroveň | U6: Nhod / MJ | V6: Nhod celk. | W6: Dodavatel | X6: Typ položky
A8: Díl: | B8: 1 | C8: Zemní práce | G8: =SUMIF(AG9:AG57,"<>NOR",G9:G57) -> 144586.4 | I8: =SUM(I9:I57) -> 0 | K8: =SUM(K9:K57) -> 0 | M8: =SUM(M9:M57) -> 174949.54 | O8: =SUM(O9:O57) -> 60.59 | Q8: =SUM(Q9:Q57) -> 0 | V8: =SUM(V9:V57) -> 337.75 | AG8: DIL
A9: 1 | B9: 132201219R00 | C9: Přípl.za lepivost,hloubení rýh 200cm,hor.3,STROJNĚ | D9: m3 | E9: 85.0476 | F9: 26 | G9: =ROUND(E9*F9,2) -> 2211.24 | I9: =ROUND(E9*H9,2) -> 0 | K9: =ROUND(E9*J9,2) -> 0 | L9: 21 | M9: =G9*(1+L9/100) -> 2675.6004 | N9: 0 | O9: =ROUND(E9*N9,2) -> 0 | P9: 0 | Q9: =ROUND(E9*P9,2) -> 0 | S9: RTS 19/ II | T9: RTS 19/ II | U9: 0.084 | V9: =ROUND(E9*U9,2) -> 7.14 | X9: Práce | AG9: POL1_1
C10: vodovodní řad V1 : | AG10: VV | AH10: 0
C11: Začátek provozního součtu | AG11: VV
C12: 64,43*1,10*2,40 | E12: 170.0952 | AG12: VV | AH12: 2
C13: Konec provozního součtu | AG13: VV
C14: 170,0952/2 | E14: 85.0476 | AG14: VV | AH14: 0
A15: 2 | B15: 132201211R00 | C15: Hloubení rýh š.do 200 cm hor.3 do 100 m3,STROJNĚ | D15: m3 | E15: 170.0952 | F15: 160 | G15: =ROUND(E15*F15,2) -> 27215.23 | I15: =ROUND(E15*H15,2) -> 0 | K15: =ROUND(E15*J15,2) -> 0 | L15: 21 | M15: =G15*(1+L15/100) -> 32930.428 | N15: 0 | O15: =ROUND(E15*N15,2) -> 0 | P15: 0 | Q15: =ROUND(E15*P15,2) -> 0 | S15: RTS 19/ II | T15: RTS 19/ II | U15: 0.222 | V15: =ROUND(E15*U15,2) -> 37.76 | X15: Práce | AG15: POL1_1
C16: vodovodní řad V1 : | AG16: VV | AH16: 0
C17: 64,43*1,10*2,40 | E17: 170.1 | AG17: VV | AH17: 0
A18: 3 | B18: 151101101R00 | C18: Pažení a rozepření stěn rýh - příložné - hl. do 2m | D18: m2 | E18: 309.264 | F18: 86 | G18: =ROUND(E18*F18,2) -> 26596.7 | I18: =ROUND(E18*H18,2) -> 0 | K18: =ROUND(E18*J18,2) -> 0 | L18: 21 | M18: =G18*(1+L18/100) -> 32182.007 | N18: 0.00099 | O18: =ROUND(E18*N18,2) -> 0.31 | P18: 0 | Q18: =ROUND(E18*P18,2) -> 0 | S18: RTS 19/ II | T18: RTS 19/ II | U18: 0.236 | V18: =ROUND(E18*U18,2) -> 72.99 | X18: Práce | AG18: POL1_1
C19: vodovodní řad V1 : | AG19: VV | AH19: 0
C20: (64,43*2,40)*2 | E20: 309.26 | AG20: VV | AH20: 0
A21: 4 | B21: 151101111R00 | C21: Odstranění pažení stěn rýh - příložné - hl. do 2 m | D21: m2 | E21: 309.264 | F21: 43 | G21: =ROUND(E21*F21,2) -> 13298.35 | I21: =ROUND(E21*H21,2) -> 0 | K21: =ROUND(E21*J21,2) -> 0 | L21: 21 | M21: =G21*(1+L21/100) -> 16091.004 | N21: 0 | O21: =ROUND(E21*N21,2) -> 0 | P21: 0 | Q21: =ROUND(E21*P21,2) -> 0 | S21: RTS 19/ II | T21: RTS 19/ II | U21: 0.07 | V21: =ROUND(E21*U21,2) -> 21.65 | X21: Práce | AG21: POL1_1
C22: vodovodní řad V1 : | AG22: VV | AH22: 0
C23: (64,43*2,40)*2 | E23: 309.26 | AG23: VV | AH23: 0
A24: 5 | B24: 151401501R00 | C24: Přepažení rozepření - příložné - hl. do 4 m | D24: m3 | E24: 170.0952 | F24: 70 | G24: =ROUND(E24*F24,2) -> 11906.66 | I24: =ROUND(E24*H24,2) -> 0 | K24: =ROUND(E24*J24,2) -> 0 | L24: 21 | M24: =G24*(1+L24/100) -> 14407.059 | N24: 0 | O24: =ROUND(E24*N24,2) -> 0 | P24: 0 | Q24: =ROUND(E24*P24,2) -> 0 | S24: RTS 19/ II | T24: RTS 19/ II | U24: 0.039 | V24: =ROUND(E24*U24,2) -> 6.63 | X24: Práce | AG24: POL1_1
C25: vodovodní řad V1 : | AG25: VV | AH25: 0
C26: 64,43*1,10*2,40 | E26: 170.1 | AG26: VV | AH26: 0
A27: 6 | B27: 161101102R00 | C27: Svislé přemístění výkopku z hor.1-4 do 4,0 m | D27: m3 | E27: 170.0952 | F27: 17 | G27: =ROUND(E27*F27,2) -> 2891.62 | I27: =ROUND(E27*H27,2) -> 0 | K27: =ROUND(E27*J27,2) -> 0 | L27: 21 | M27: =G27*(1+L27/100) -> 3498.8602 | N27: 0 | O27: =ROUND(E27*N27,2) -> 0 | P27: 0 | Q27: =ROUND(E27*P27,2) -> 0 | S27: RTS 19/ II | T27: RTS 19/ II | U27: 0.519 | V27: =ROUND(E27*U27,2) -> 88.28 | X27: Práce | AG27: POL1_0
C28: vodovodní řad V1 : | AG28: VV | AH28: 0
C29: 64,43*1,10*2,40 | E29: 170.1 | AG29: VV | AH29: 0
A30: 7 | B30: 162701105R00 | C30: Vodorovné přemístění výkopku z hor.1-4 do 10000 m | D30: m3 | E30: 38.9802 | F30: 159 | G30: =ROUND(E30*F30,2) -> 6197.85 | I30: =ROUND(E30*H30,2) -> 0 | K30: =ROUND(E30*J30,2) -> 0 | L30: 21 | M30: =G30*(1+L30/100) -> 7499.3985 | N30: 0 | O30: =ROUND(E30*N30,2) -> 0 | P30: 0 | Q30: =ROUND(E30*P30,2) -> 0 | S30: RTS 19/ II | T30: RTS 19/ II | U30: 0.011 | V30: =ROUND(E30*U30,2) -> 0.43 | X30: Práce | AG30: POL1_1
C31: odvoz přebytečné zeminy na skládku : | AG31: VV | AH31: 0
C32: 64,43*1,10*0,55 | E32: 38.98 | AG32: VV | AH32: 0
A33: 8 | B33: 167101101R00 | C33: Nakládání výkopku z hor.1-4 v množství do 100 m3 | D33: m3 | E33: 38.9802 | F33: 213 | G33: =ROUND(E33*F33,2) -> 8302.78 | I33: =ROUND(E33*H33,2) -> 0 | K33: =ROUND(E33*J33,2) -> 0 | L33: 21 | M33: =G33*(1+L33/100) -> 10046.364 | N33: 0 | O33: =ROUND(E33*N33,2) -> 0 | P33: 0 | Q33: =ROUND(E33*P33,2) -> 0 | S33: RTS 19/ II | T33: RTS 19/ II | U33: 0.652 | V33: =ROUND(E33*U33,2) -> 25.42 | X33: Práce | AG33: POL1_1
C34: odvoz přebytečné zeminy na skládku : | AG34: VV | AH34: 0
C35: 64,43*1,10*0,55 | E35: 38.98 | AG35: VV | AH35: 0
A36: 9 | B36: 171201201R00 | C36: Uložení sypaniny na skl.-modelace na výšku přes 2m | D36: m3 | E36: 38.9802 | F36: 11 | G36: =ROUND(E36*F36,2) -> 428.78 | I36: =ROUND(E36*H36,2) -> 0 | K36: =ROUND(E36*J36,2) -> 0 | L36: 21 | M36: =G36*(1+L36/100) -> 518.8238 | N36: 0 | O36: =ROUND(E36*N36,2) -> 0 | P36: 0 | Q36: =ROUND(E36*P36,2) -> 0 | S36: RTS 19/ II | T36: RTS 19/ II | U36: 0.009 | V36: =ROUND(E36*U36,2) -> 0.35 | X36: Práce | AG36: POL1_1
C37: odvoz přebytečné zeminy na skládku : | AG37: VV | AH37: 0
C38: 64,43*1,10*0,55 | E38: 38.98 | AG38: VV | AH38: 0
A39: 10 | B39: 174101101R00 | C39: Zásyp jam, rýh, šachet se zhutněním | D39: m3 | E39: 131.1151 | F39: 171 | G39: =ROUND(E39*F39,2) -> 22420.68 | I39: =ROUND(E39*H39,2) -> 0 | K39: =ROUND(E39*J39,2) -> 0 | L39: 21 | M39: =G39*(1+L39/100) -> 27129.023 | N39: 0 | O39: =ROUND(E39*N39,2) -> 0 | P39: 0 | Q39: =ROUND(E39*P39,2) -> 0 | S39: RTS 19/ II | T39: RTS 19/ II | U39: 0.202 | V39: =ROUND(E39*U39,2) -> 26.49 | X39: Práce | AG39: POL1_1
C40: vodovodní řad V1 : | AG40: VV | AH40: 0
C41: zásyp zbylého výkopu vykopanou zeminou : | AG41: VV | AH41: 0
C42: 64,43*1,10*(2,40-0,55) | E42: 131.12 | AG42: VV | AH42: 0
A43: 11 | B43: 175101101R00 | C43: Obsyp potrubí bez prohození sypaniny | D43: m3 | E43: 31.8929 | F43: 171 | G43: =ROUND(E43*F43,2) -> 5453.69 | I43: =ROUND(E43*H43,2) -> 0 | K43: =ROUND(E43*J43,2) -> 0 | L43: 21 | M43: =G43*(1+L43/100) -> 6598.9649 | N43: 0 | O43: =ROUND(E43*N43,2) -> 0 | P43: 0 | Q43: =ROUND(E43*P43,2) -> 0 | S43: RTS 19/ II | T43: RTS 19/ II | U43: 1.587 | V43: =ROUND(E43*U43,2) -> 50.61 | X43: Práce | AG43: POL1_1
C44: vodovodní řad V1 : | AG44: VV | AH44: 0
C45: 64,43*1,10*0,45 | E45: 31.89 | AG45: VV | AH45: 0
A46: 12 | B46: 199000005R00 | C46: Poplatek za skládku zeminy 1- 4 | D46: t | E46: 74.0624 | F46: 210 | G46: =ROUND(E46*F46,2) -> 15553.1 | I46: =ROUND(E46*H46,2) -> 0 | K46: =ROUND(E46*J46,2) -> 0 | L46: 21 | M46: =G46*(1+L46/100) -> 18819.251 | N46: 0 | O46: =ROUND(E46*N46,2) -> 0 | P46: 0 | Q46: =ROUND(E46*P46,2) -> 0 | S46: RTS 19/ II | T46: RTS 19/ II | U46: 0 | V46: =ROUND(E46*U46,2) -> 0 | X46: Práce | AG46: POL1_1
C47: odvoz přebytečné zeminy na skládku : | AG47: VV | AH47: 0
C48: Začátek provozního součtu | AG48: VV
C49: 64,43*1,10*0,55 | E49: 38.98 | AG49: VV | AH49: 2
C50: Konec provozního součtu | AG50: VV
C51: 38,9802*1,90 | E51: 74.06 | AG51: VV | AH51: 0
A52: 13 | B52: 58337333 | C52: Štěrkopísek frakce 0-32 A | D52: T | E52: 60.2776 | F52: 35 | G52: =ROUND(E52*F52,2) -> 2109.72 | I52: =ROUND(E52*H52,2) -> 0 | K52: =ROUND(E52*J52,2) -> 0 | L52: 21 | M52: =G52*(1+L52/100) -> 2552.7612 | N52: 1 | O52: =ROUND(E52*N52,2) -> 60.28 | P52: 0 | Q52: =ROUND(E52*P52,2) -> 0 | R52: SPCM | S52: RTS 19/ II | T52: RTS 19/ II | U52: 0 | V52: =ROUND(E52*U52,2) -> 0 | X52: Specifikace | AG52: POL3_1
C53: vodovodní řad V1 : | AG53: VV | AH53: 0
C54: Začátek provozního součtu | AG54: VV
C55: 64,43*1,10*0,45 | E55: 31.89 | AG55: VV | AH55: 2
C56: Konec provozního součtu | AG56: VV
C57: 31,8929*1,89 | E57: 60.28 | AG57: VV | AH57: 0
A58: Díl: | B58: 4 | C58: Vodorovné konstrukce | G58: =SUMIF(AG59:AG67,"<>NOR",G59:G67) -> 10066.32 | I58: =SUM(I59:I67) -> 0 | K58: =SUM(K59:K67) -> 0 | M58: =SUM(M59:M67) -> 12180.247 | O58: =SUM(O59:O67) -> 10.84 | Q58: =SUM(Q59:Q67) -> 0 | V58: =SUM(V59:V67) -> 17.46 | AG58: DIL
A59: 14 | B59: 451572111R00 | C59: Lože pod potrubí z kameniva těženého 0 - 4 mm | D59: m3 | E59: 7.0873 | F59: 783 | G59: =ROUND(E59*F59,2) -> 5549.36 | I59: =ROUND(E59*H59,2) -> 0 | K59: =ROUND(E59*J59,2) -> 0 | L59: 21 | M59: =G59*(1+L59/100) -> 6714.7256 | N59: 1.1322 | O59: =ROUND(E59*N59,2) -> 8.02 | P59: 0 | Q59: =ROUND(E59*P59,2) -> 0 | S59: RTS 19/ II | T59: RTS 19/ II | U59: 1.695 | V59: =ROUND(E59*U59,2) -> 12.01 | X59: Práce | AG59: POL1_1
C60: vodovodní řad V1 : | AG60: VV | AH60: 0
C61: 64,43*1,10*0,10 | E61: 7.09 | AG61: VV | AH61: 0
A62: 15 | B62: 452313161R00 | C62: Bloky pro potrubí z betonu C 25/30 | D62: m3 | E62: 1.12 | F62: 2658 | G62: =ROUND(E62*F62,2) -> 2976.96 | I62: =ROUND(E62*H62,2) -> 0 | K62: =ROUND(E62*J62,2) -> 0 | L62: 21 | M62: =G62*(1+L62/100) -> 3602.1216 | N62: 2.5 | O62: =ROUND(E62*N62,2) -> 2.8 | P62: 0 | Q62: =ROUND(E62*P62,2) -> 0 | S62: RTS 19/ II | T62: RTS 19/ II | U62: 1.192 | V62: =ROUND(E62*U62,2) -> 1.34 | X62: Práce | AG62: POL1_1
C63: výkres č.006 : | AG63: VV | AH63: 0
C64: 1,02+0,10 | E64: 1.12 | AG64: VV | AH64: 0
A65: 16 | B65: 452351101R00 | C65: Bednění desek nebo sedlových loží pod potrubí | D65: m2 | E65: 5 | F65: 308 | G65: =ROUND(E65*F65,2) -> 1540 | I65: =ROUND(E65*H65,2) -> 0 | K65: =ROUND(E65*J65,2) -> 0 | L65: 21 | M65: =G65*(1+L65/100) -> 1863.4 | N65: 0.00442 | O65: =ROUND(E65*N65,2) -> 0.02 | P65: 0 | Q65: =ROUND(E65*P65,2) -> 0 | S65: RTS 19/ II | T65: RTS 19/ II | U65: 0.821 | V65: =ROUND(E65*U65,2) -> 4.11 | X65: Práce | AG65: POL1_1
C66: výkres č.006 : | AG66: VV | AH66: 0
C67: 5,00 | E67: 5 | AG67: VV | AH67: 0
A68: Díl: | B68: 8 | C68: Trubní vedení | G68: =SUMIF(AG69:AG102,"<>NOR",G69:G102) -> 355077.97 | I68: =SUM(I69:I102) -> 0 | K68: =SUM(K69:K102) -> 0 | M68: =SUM(M69:M102) -> 429644.34 | O68: =SUM(O69:O102) -> 1.91 | Q68: =SUM(Q69:Q102) -> 0 | V68: =SUM(V69:V102) -> 90.95 | AG68: DIL
A69: 17 | B69: 851601104R00 | C69: Montáž potrubí tlakového, tvárná litina DN 150 | D69: m | E69: 64.43 | F69: 186 | G69: =ROUND(E69*F69,2) -> 11983.98 | I69: =ROUND(E69*H69,2) -> 0 | K69: =ROUND(E69*J69,2) -> 0 | L69: 21 | M69: =G69*(1+L69/100) -> 14500.616 | N69: 0 | O69: =ROUND(E69*N69,2) -> 0 | P69: 0 | Q69: =ROUND(E69*P69,2) -> 0 | S69: RTS 19/ II | T69: RTS 19/ II | U69: 0.536 | V69: =ROUND(E69*U69,2) -> 34.53 | X69: Práce | AG69: POL1_1
C70: potrubí DN150 : | AG70: VV | AH70: 0
C71: 64,43 | E71: 64.43 | AG71: VV | AH71: 0
A72: 18 | B72: 857701104R00 | C72: Montáž tvarovek odbočných, tvárná litina DN 150 | D72: kus | E72: 12 | F72: 776 | G72: =ROUND(E72*F72,2) -> 9312 | I72: =ROUND(E72*H72,2) -> 0 | K72: =ROUND(E72*J72,2) -> 0 | L72: 21 | M72: =G72*(1+L72/100) -> 11267.52 | N72: 0.00139 | O72: =ROUND(E72*N72,2) -> 0.02 | P72: 0 | Q72: =ROUND(E72*P72,2) -> 0 | S72: RTS 19/ II | T72: RTS 19/ II | U72: 2.1188 | V72: =ROUND(E72*U72,2) -> 25.43 | X72: Práce | AG72: POL1_1
C73: tvarovky z tvárné litiny : | AG73: VV | AH73: 0
C74: 1,00+1,00+1,00+1,00+1,00+1,00+2,00+3,00+1,00 | E74: 12 | AG74: VV | AH74: 0
A75: 19 | B75: 890-001 | C75: D+M armatura tvárná litina šoupátko zemní Š DN 80 | D75: kus | E75: 1 | F75: 9090 | G75: =ROUND(E75*F75,2) -> 9090 | I75: =ROUND(E75*H75,2) -> 0 | K75: =ROUND(E75*J75,2) -> 0 | L75: 21 | M75: =G75*(1+L75/100) -> 10998.9 | N75: 0 | O75: =ROUND(E75*N75,2) -> 0 | P75: 0 | Q75: =ROUND(E75*P75,2) -> 0 | S75: Vlastní | T75: Indiv | U75: 0 | V75: =ROUND(E75*U75,2) -> 0 | X75: Práce | AG75: POL1_1
A76: 20 | B76: 890-002 | C76: D+M armatura tvárná litina šoupátko zemní Š DN 150 | D76: kus | E76: 1 | F76: 17634 | G76: =ROUND(E76*F76,2) -> 17634 | I76: =ROUND(E76*H76,2) -> 0 | K76: =ROUND(E76*J76,2) -> 0 | L76: 21 | M76: =G76*(1+L76/100) -> 21337.14 | N76: 0 | O76: =ROUND(E76*N76,2) -> 0 | P76: 0 | Q76: =ROUND(E76*P76,2) -> 0 | S76: Vlastní | T76: Indiv | U76: 0 | V76: =ROUND(E76*U76,2) -> 0 | X76: Práce | AG76: POL1_1
A77: 21 | B77: 890-003 | C77: D+M armatura tvárná litina hydrant H DN 80 podzemní Rd 1,5 m | D77: kus | E77: 1 | F77: 18480 | G77: =ROUND(E77*F77,2) -> 18480 | I77: =ROUND(E77*H77,2) -> 0 | K77: =ROUND(E77*J77,2) -> 0 | L77: 21 | M77: =G77*(1+L77/100) -> 22360.8 | N77: 0 | O77: =ROUND(E77*N77,2) -> 0 | P77: 0 | Q77: =ROUND(E77*P77,2) -> 0 | S77: Vlastní | T77: Indiv | U77: 0 | V77: =ROUND(E77*U77,2) -> 0 | X77: Práce | AG77: POL1_1
A78: 22 | B78: 890-004 | C78: D+M zemní souprava teleskop. DN 80 Rd 1,2-1,8 m | D78: kus | E78: 1 | F78: 1908 | G78: =ROUND(E78*F78,2) -> 1908 | I78: =ROUND(E78*H78,2) -> 0 | K78: =ROUND(E78*J78,2) -> 0 | L78: 21 | M78: =G78*(1+L78/100) -> 2308.68 | N78: 0 | O78: =ROUND(E78*N78,2) -> 0 | P78: 0 | Q78: =ROUND(E78*P78,2) -> 0 | S78: Vlastní | T78: Indiv | U78: 0 | V78: =ROUND(E78*U78,2) -> 0 | X78: Práce | AG78: POL1_1
A79: 23 | B79: 890-005 | C79: D+M zemní souprava teleskop. DN 150 Rd 1,2-1,8 m | D79: kus | E79: 1 | F79: 2034 | G79: =ROUND(E79*F79,2) -> 2034 | I79: =ROUND(E79*H79,2) -> 0 | K79: =ROUND(E79*J79,2) -> 0 | L79: 21 | M79: =G79*(1+L79/100) -> 2461.14 | N79: 0 | O79: =ROUND(E79*N79,2) -> 0 | P79: 0 | Q79: =ROUND(E79*P79,2) -> 0 | S79: Vlastní | T79: Indiv | U79: 0 | V79: =ROUND(E79*U79,2) -> 0 | X79: Práce | AG79: POL1_1
A80: 24 | B80: 890-006 | C80: D+M poklop hydrantový | D80: kus | E80: 1 | F80: 745 | G80: =ROUND(E80*F80,2) -> 745 | I80: =ROUND(E80*H80,2) -> 0 | K80: =ROUND(E80*J80,2) -> 0 | L80: 21 | M80: =G80*(1+L80/100) -> 901.45 | N80: 0 | O80: =ROUND(E80*N80,2) -> 0 | P80: 0 | Q80: =ROUND(E80*P80,2) -> 0 | S80: Vlastní | T80: Indiv | U80: 0 | V80: =ROUND(E80*U80,2) -> 0 | X80: Práce | AG80: POL1_1
A81: 25 | B81: 890-007 | C81: D+M poklop šoupátkový | D81: kus | E81: 2 | F81: 565 | G81: =ROUND(E81*F81,2) -> 1130 | I81: =ROUND(E81*H81,2) -> 0 | K81: =ROUND(E81*J81,2) -> 0 | L81: 21 | M81: =G81*(1+L81/100) -> 1367.3 | N81: 0 | O81: =ROUND(E81*N81,2) -> 0 | P81: 0 | Q81: =ROUND(E81*P81,2) -> 0 | S81: Vlastní | T81: Indiv | U81: 0 | V81: =ROUND(E81*U81,2) -> 0 | X81: Práce | AG81: POL1_1
A82: 26 | B82: 890-008 | C82: D+M drenážní blok k hydrantu | D82: kus | E82: 1 | F82: 867 | G82: =ROUND(E82*F82,2) -> 867 | I82: =ROUND(E82*H82,2) -> 0 | K82: =ROUND(E82*J82,2) -> 0 | L82: 21 | M82: =G82*(1+L82/100) -> 1049.07 | N82: 0 | O82: =ROUND(E82*N82,2) -> 0 | P82: 0 | Q82: =ROUND(E82*P82,2) -> 0 | S82: Vlastní | T82: Indiv | U82: 0 | V82: =ROUND(E82*U82,2) -> 0 | X82: Práce | AG82: POL1_1
A83: 27 | B83: 890-009 | C83: D+M orientační tabulka pro šoupě | D83: kus | E83: 2 | F83: 1130 | G83: =ROUND(E83*F83,2) -> 2260 | I83: =ROUND(E83*H83,2) -> 0 | K83: =ROUND(E83*J83,2) -> 0 | L83: 21 | M83: =G83*(1+L83/100) -> 2734.6 | N83: 0 | O83: =ROUND(E83*N83,2) -> 0 | P83: 0 | Q83: =ROUND(E83*P83,2) -> 0 | S83: Vlastní | T83: Indiv | U83: 0 | V83: =ROUND(E83*U83,2) -> 0 | X83: Práce | AG83: POL1_1
A84: 28 | B84: 890-010 | C84: D+M orientační tabulka pro hydrant | D84: kus | E84: 1 | F84: 1130 | G84: =ROUND(E84*F84,2) -> 1130 | I84: =ROUND(E84*H84,2) -> 0 | K84: =ROUND(E84*J84,2) -> 0 | L84: 21 | M84: =G84*(1+L84/100) -> 1367.3 | N84: 0 | O84: =ROUND(E84*N84,2) -> 0 | P84: 0 | Q84: =ROUND(E84*P84,2) -> 0 | S84: Vlastní | T84: Indiv | U84: 0 | V84: =ROUND(E84*U84,2) -> 0 | X84: Práce | AG84: POL1_1
A85: 29 | B85: 890-011 | C85: D+M MARKER modrý SM 2500 | D85: kus | E85: 20 | F85: 198 | G85: =ROUND(E85*F85,2) -> 3960 | I85: =ROUND(E85*H85,2) -> 0 | K85: =ROUND(E85*J85,2) -> 0 | L85: 21 | M85: =G85*(1+L85/100) -> 4791.6 | N85: 0 | O85: =ROUND(E85*N85,2) -> 0 | P85: 0 | Q85: =ROUND(E85*P85,2) -> 0 | S85: Vlastní | T85: Indiv | U85: 0 | V85: =ROUND(E85*U85,2) -> 0 | X85: Práce | AG85: POL1_1
A86: 30 | B86: 890-012 | C86: D+M elastomerová manžeta na hrdlový spoj | D86: kus | E86: 22 | F86: 455 | G86: =ROUND(E86*F86,2) -> 10010 | I86: =ROUND(E86*H86,2) -> 0 | K86: =ROUND(E86*J86,2) -> 0 | L86: 21 | M86: =G86*(1+L86/100) -> 12112.1 | N86: 0 | O86: =ROUND(E86*N86,2) -> 0 | P86: 0 | Q86: =ROUND(E86*P86,2) -> 0 | S86: Vlastní | T86: Indiv | U86: 0 | V86: =ROUND(E86*U86,2) -> 0 | X86: Práce | AG86: POL1_1
... A89: 33 | B89: 899711122R00 | C89: Fólie výstražná z PVC, šířka 30 cm | D89: m | E89: 64.43 | F89: 12 | G89: =ROUND(E89*F89,2) -> 773.16 | I89: =ROUND(E89*H89,2) -> 0 | K89: =ROUND(E89*J89,2) -> 0 | L89: 21 | M89: =G89*(1+L89/100) -> 935.5236 | N89: 0 | O89: =ROUND(E89*N89,2) -> 0 | P89: 0 | Q89: =ROUND(E89*P89,2) -> 0 | S89: RTS 19/ II | T89: RTS 19/ II | U89: 0.026 | V89: =ROUND(E89*U89,2) -> 1.68 | X89: Práce | AG89: POL1_1
C90: 64,43 | E90: 64.43 | AG90: VV | AH90: 0
A91: 34 | B91: 900-001 | C91: Potrubí DN150 TL, těžká protikorozní ochrana (dle ČSN EN 545:2011 tl.stěny litiny min.4,7 mm) | D91: m | E91: 67.6515 | F91: 2568 | G91: =ROUND(E91*F91,2) -> 173729.05 | I91: =ROUND(E91*H91,2) -> 0 | K91: =ROUND(E91*J91,2) -> 0 | L91: 21 | M91: =G91*(1+L91/100) -> 210212.15 | N91: 0.028 | O91: =ROUND(E91*N91,2) -> 1.89 | P91: 0 | Q91: =ROUND(E91*P91,2) -> 0 | S91: Vlastní | T91: Indiv | U91: 0 | V91: =ROUND(E91*U91,2) -> 0 | X91: Práce | AG91: POL1_1
C92: potrubí DN150 : | AG92: VV | AH92: 0
C93: 64,43*1,05 | E93: 67.65 | AG93: VV | AH93: 0
A94: 35 | B94: 900-002 | C94: Tvarovka tvárná litina spojka E DN 150 | D94: kus | E94: 1 | F94: 4972 | G94: =ROUND(E94*F94,2) -> 4972 | I94: =ROUND(E94*H94,2) -> 0 | K94: =ROUND(E94*J94,2) -> 0 | L94: 21 | M94: =G94*(1+L94/100) -> 6016.12 | N94: 0 | O94: =ROUND(E94*N94,2) -> 0 | P94: 0 | Q94: =ROUND(E94*P94,2) -> 0 | S94: Vlastní | T94: Indiv | U94: 0 | V94: =ROUND(E94*U94,2) -> 0 | X94: Práce | AG94: POL1_1
A95: 36 | B95: 900-003 | C95: Tvarovka tvárná litina spojka F DN 150 | D95: kus | E95: 1 | F95: 4972 | G95: =ROUND(E95*F95,2) -> 4972 | I95: =ROUND(E95*H95,2) -> 0 | K95: =ROUND(E95*J95,2) -> 0 | L95: 21 | M95: =G95*(1+L95/100) -> 6016.12 | N95: 0 | O95: =ROUND(E95*N95,2) -> 0 | P95: 0 | Q95: =ROUND(E95*P95,2) -> 0 | S95: Vlastní | T95: Indiv | U95: 0 | V95: =ROUND(E95*U95,2) -> 0 | X95: Práce | AG95: POL1_1
A96: 37 | B96: 900-004 | C96: Tvarovka tvárná litina přírubový kus FFP DN 80 dl.250 mm | D96: kus | E96: 1 | F96: 3722 | G96: =ROUND(E96*F96,2) -> 3722 | I96: =ROUND(E96*H96,2) -> 0 | K96: =ROUND(E96*J96,2) -> 0 | L96: 21 | M96: =G96*(1+L96/100) -> 4503.62 | N96: 0 | O96: =ROUND(E96*N96,2) -> 0 | P96: 0 | Q96: =ROUND(E96*P96,2) -> 0 | S96: Vlastní | T96: Indiv | U96: 0 | V96: =ROUND(E96*U96,2) -> 0 | X96: Práce | AG96: POL1_1
A97: 38 | B97: 900-005 | C97: Tvarovka tvárná litina patkové koleno N DN 80 | D97: kus | E97: 1 | F97: 6581 | G97: =ROUND(E97*F97,2) -> 6581 | I97: =ROUND(E97*H97,2) -> 0 | K97: =ROUND(E97*J97,2) -> 0 | L97: 21 | M97: =G97*(1+L97/100) -> 7963.01 | N97: 0 | O97: =ROUND(E97*N97,2) -> 0 | P97: 0 | Q97: =ROUND(E97*P97,2) -> 0 | S97: Vlastní | T97: Indiv | U97: 0 | V97: =ROUND(E97*U97,2) -> 0 | X97: Práce | AG97: POL1_1
A98: 39 | B98: 900-006 | C98: Tvarovka tvárná litina odbočka T DN 150/80 | D98: kus | E98: 1 | F98: 8766 | G98: =ROUND(E98*F98,2) -> 8766 | I98: =ROUND(E98*H98,2) -> 0 | K98: =ROUND(E98*J98,2) -> 0 | L98: 21 | M98: =G98*(1+L98/100) -> 10606.86 | N98: 0 | O98: =ROUND(E98*N98,2) -> 0 | P98: 0 | Q98: =ROUND(E98*P98,2) -> 0 | S98: Vlastní | T98: Indiv | U98: 0 | V98: =ROUND(E98*U98,2) -> 0 | X98: Práce | AG98: POL1_1
A99: 40 | B99: 900-007 | C99: Tvarovka tvárná litina odbočka T DN 150/150 | D99: kus | E99: 1 | F99: 8873 | G99: =ROUND(E99*F99,2) -> 8873 | I99: =ROUND(E99*H99,2) -> 0 | K99: =ROUND(E99*J99,2) -> 0 | L99: 21 | M99: =G99*(1+L99/100) -> 10736.33 | N99: 0 | O99: =ROUND(E99*N99,2) -> 0 | P99: 0 | Q99: =ROUND(E99*P99,2) -> 0 | S99: Vlastní | T99: Indiv | U99: 0 | V99: =ROUND(E99*U99,2) -> 0 | X99: Práce | AG99: POL1_1
A100: 41 | B100: 900-008 | C100: Tvarovka tvárná litina odbočka MMA DN 150/100 | D100: kus | E100: 2 | F100: 8968 | G100: =ROUND(E100*F100,2) -> 17936 | I100: =ROUND(E100*H100,2) -> 0 | K100: =ROUND(E100*J100,2) -> 0 | L100: 21 | M100: =G100*(1+L100/100) -> 21702.56 | N100: 0 | O100: =ROUND(E100*N100,2) -> 0 | P100: 0 | Q100: =ROUND(E100*P100,2) -> 0 | S100: Vlastní | T100: Indiv | U100: 0 | V100: =ROUND(E100*U100,2) -> 0 | X100: Práce | AG100: POL1_1
A101: 42 | B101: 900-009 | C101: Tvarovka tvárná litina koleno MMK DN 150/11° | D101: kus | E101: 3 | F101: 6873 | G101: =ROUND(E101*F101,2) -> 20619 | I101: =ROUND(E101*H101,2) -> 0 | K101: =ROUND(E101*J101,2) -> 0 | L101: 21 | M101: =G101*(1+L101/100) -> 24948.99 | N101: 0 | O101: =ROUND(E101*N101,2) -> 0 | P101: 0 | Q101: =ROUND(E101*P101,2) -> 0 | S101: Vlastní | T101: Indiv | U101: 0 | V101: =ROUND(E101*U101,2) -> 0 | X101: Práce | AG101: POL1_1
A102: 43 | B102: 900-010 | C102: Tvarovka tvárná litina redukce FFR DN 150/80 | D102: kus | E102: 1 | F102: 4184 | G102: =ROUND(E102*F102,2) -> 4184 | I102: =ROUND(E102*H102,2) -> 0 | K102: =ROUND(E102*J102,2) -> 0 | L102: 21 | M102: =G102*(1+L102/100) -> 5062.64 | N102: 0 | O102: =ROUND(E102*N102,2) -> 0 | P102: 0 | Q102: =ROUND(E102*P102,2) -> 0 | S102: Vlastní | T102: Indiv | U102: 0 | V102: =ROUND(E102*U102,2) -> 0 | X102: Práce | AG102: POL1_1
A103: Díl: | B103: 99 | C103: Staveništní přesun hmot | G103: =SUMIF(AG104:AG107,"<>NOR",G104:G107) -> 7847.49 | I103: =SUM(I104:I107) -> 0 | K103: =SUM(K104:K107) -> 0 | M103: =SUM(M104:M107) -> 9495.4629 | O103: =SUM(O104:O107) -> 0 | Q103: =SUM(Q104:Q107) -> 0 | V103: =SUM(V104:V107) -> 33.14 | AG103: DIL
A104: 44 | B104: 998276201R00 | C104: Přesun hmot, trub.vedení plast. obsypaná kamenivem | D104: t | E104: 73.34103 | F104: 107 | G104: =ROUND(E104*F104,2) -> 7847.49 | I104: =ROUND(E104*H104,2) -> 0 | K104: =ROUND(E104*J104,2) -> 0 | L104: 21 | M104: =G104*(1+L104/100) -> 9495.4629 | N104: 0 | O104: =ROUND(E104*N104,2) -> 0 | P104: 0 | Q104: =ROUND(E104*P104,2) -> 0 | S104: RTS 19/ II | T104: RTS 19/ II | U104: 0.4518 | V104: =ROUND(E104*U104,2) -> 33.14 | X104: Přesun hmot | AG104: POL7_
...

Sheet IO 730a IO 730a Pol
A1: Položkový rozpočet | AG1: #TypZaznamu#
A2: S: | B2: 2409.2 | C2: Český technologický park Brno, zóna C - objekty D, E, F - infrastruktura | AG2: STA
A3: O: | B3: IO 730a | C3: Vodovod - přípojka D | AC3: STA | AG3: OBJ
A4: R: | B4: IO 730a | C4: Vodovod - přípojka D | AG4: ROZ
A6: P.č. | B6: Číslo položky | C6: Název položky | D6: MJ | E6: Množství | F6: Cena / MJ | G6: Celkem | H6: Dodávka | I6: Dodávka celk. | J6: Montáž | K6: Montáž celk. | L6: DPH | M6: Cena s DPH | N6: Hmotnost / MJ | O6: Hmotnost celk.(t) | P6: Dem. hmotnost / MJ | Q6: Dem. hmotnost celk.(t) | R6: Ceník | S6: Cen. soustava / platnost | T6: Cenová úroveň | U6: Nhod / MJ | V6: Nhod celk. | W6: Dodavatel | X6: Typ položky
A8: Díl: | B8: 1 | C8: Zemní práce | G8: =SUMIF(AG9:AG57,"<>NOR",G9:G57) -> 11189.91 | I8: =SUM(I9:I57) -> 0 | K8: =SUM(K9:K57) -> 0 | M8: =SUM(M9:M57) -> 13539.791 | O8: =SUM(O9:O57) -> 5.82 | Q8: =SUM(Q9:Q57) -> 0 | V8: =SUM(V9:V57) -> 26.04 | AG8: DIL
A9: 1 | B9: 132201219R00 | C9: Přípl.za lepivost,hloubení rýh 200cm,hor.3,STROJNĚ | D9: m3 | E9: 6.138 | F9: 26 | G9: =ROUND(E9*F9,2) -> 159.59 | I9: =ROUND(E9*H9,2) -> 0 | K9: =ROUND(E9*J9,2) -> 0 | L9: 21 | M9: =G9*(1+L9/100) -> 193.1039 | N9: 0 | O9: =ROUND(E9*N9,2) -> 0 | P9: 0 | Q9: =ROUND(E9*P9,2) -> 0 | S9: RTS 19/ II | T9: RTS 19/ II | U9: 0.084 | V9: =ROUND(E9*U9,2) -> 0.52 | X9: Práce | AG9: POL1_1
C10: přípojka D : | AG10: VV | AH10: 0
C11: Začátek provozního součtu | AG11: VV
C12: 6,20*1,10*1,80 | E12: 12.276 | AG12: VV | AH12: 2
C13: Konec provozního součtu | AG13: VV
C14: 12,2760/2 | E14: 6.138 | AG14: VV | AH14: 0
A15: 2 | B15: 132201211R00 | C15: Hloubení rýh š.do 200 cm hor.3 do 100 m3,STROJNĚ | D15: m3 | E15: 12.276 | F15: 160 | G15: =ROUND(E15*F15,2) -> 1964.16 | I15: =ROUND(E15*H15,2) -> 0 | K15: =ROUND(E15*J15,2) -> 0 | L15: 21 | M15: =G15*(1+L15/100) -> 2376.6336 | N15: 0 | O15: =ROUND(E15*N15,2) -> 0 | P15: 0 | Q15: =ROUND(E15*P15,2) -> 0 | S15: RTS 19/ II | T15: RTS 19/ II | U15: 0.222 | V15: =ROUND(E15*U15,2) -> 2.73 | X15: Práce | AG15: POL1_1
C16: přípojka D : | AG16: VV | AH16: 0
C17: 6,20*1,10*1,80 | E17: 12.28 | AG17: VV | AH17: 0
A18: 3 | B18: 151101101R00 | C18: Pažení a rozepření stěn rýh - příložné - hl. do 2m | D18: m2 | E18: 22.32 | F18: 86 | G18: =ROUND(E18*F18,2) -> 1919.52 | I18: =ROUND(E18*H18,2) -> 0 | K18: =ROUND(E18*J18,2) -> 0 | L18: 21 | M18: =G18*(1+L18/100) -> 2322.6192 | N18: 0.00099 | O18: =ROUND(E18*N18,2) -> 0.02 | P18: 0 | Q18: =ROUND(E18*P18,2) -> 0 | S18: RTS 19/ II | T18: RTS 19/ II | U18: 0.236 | V18: =ROUND(E18*U18,2) -> 5.27 | X18: Práce | AG18: POL1_1
C19: přípojka D : | AG19: VV | AH19: 0
C20: (6,20*1,80)*2 | E20: 22.32 | AG20: VV | AH20: 0
A21: 4 | B21: 151101111R00 | C21: Odstranění pažení stěn rýh - příložné - hl. do 2 m | D21: m2 | E21: 22.32 | F21: 43 | G21: =ROUND(E21*F21,2) -> 959.76 | I21: =ROUND(E21*H21,2) -> 0 | K21: =ROUND(E21*J21,2) -> 0 | L21: 21 | M21: =G21*(1+L21/100) -> 1161.3096 | N21: 0 | O21: =ROUND(E21*N21,2) -> 0 | P21: 0 | Q21: =ROUND(E21*P21,2) -> 0 | S21: RTS 19/ II | T21: RTS 19/ II | U21: 0.07 | V21: =ROUND(E21*U21,2) -> 1.56 | X21: Práce | AG21: POL1_1
C22: přípojka D : | AG22: VV | AH22: 0
C23: (6,20*1,80)*2 | E23: 22.32 | AG23: VV | AH23: 0
A24: 5 | B24: 151401501R00 | C24: Přepažení rozepření - příložné - hl. do 4 m | D24: m3 | E24: 12.276 | F24: 70 | G24: =ROUND(E24*F24,2) -> 859.32 | I24: =ROUND(E24*H24,2) -> 0 | K24: =ROUND(E24*J24,2) -> 0 | L24: 21 | M24: =G24*(1+L24/100) -> 1039.7772 | N24: 0 | O24: =ROUND(E24*N24,2) -> 0 | P24: 0 | Q24: =ROUND(E24*P24,2) -> 0 | S24: RTS 19/ II | T24: RTS 19/ II | U24: 0.039 | V24: =ROUND(E24*U24,2) -> 0.48 | X24: Práce | AG24: POL1_1
C25: přípojka D : | AG25: VV | AH25: 0
C26: 6,20*1,10*1,80 | E26: 12.28 | AG26: VV | AH26: 0
A27: 6 | B27: 161101102R00 | C27: Svislé přemístění výkopku z hor.1-4 do 4,0 m | D27: m3 | E27: 12.276 | F27: 17 | G27: =ROUND(E27*F27,2) -> 208.69 | I27: =ROUND(E27*H27,2) -> 0 | K27: =ROUND(E27*J27,2) -> 0 | L27: 21 | M27: =G27*(1+L27/100) -> 252.5149 | N27: 0 | O27: =ROUND(E27*N27,2) -> 0 | P27: 0 | Q27: =ROUND(E27*P27,2) -> 0 | S27: RTS 19/ II | T27: RTS 19/ II | U27: 0.519 | V27: =ROUND(E27*U27,2) -> 6.37 | X27: Práce | AG27: POL1_0
C28: přípojka D : | AG28: VV | AH28: 0
C29: 6,20*1,10*1,80 | E29: 12.28 | AG29: VV | AH29: 0
A30: 7 | B30: 162701105R00 | C30: Vodorovné přemístění výkopku z hor.1-4 do 10000 m | D30: m3 | E30: 3.751 | F30: 159 | G30: =ROUND(E30*F30,2) -> 596.41 | I30: =ROUND(E30*H30,2) -> 0 | K30: =ROUND(E30*J30,2) -> 0 | L30: 21 | M30: =G30*(1+L30/100) -> 721.6561 | N30: 0 | O30: =ROUND(E30*N30,2) -> 0 | P30: 0 | Q30: =ROUND(E30*P30,2) -> 0 | S30: RTS 19/ II | T30: RTS 19/ II | U30: 0.011 | V30: =ROUND(E30*U30,2) -> 0.04 | X30: Práce | AG30: POL1_1
C31: odvoz přebytečné zeminy na skládku : | AG31: VV | AH31: 0
C32: 6,20*1,10*0,55 | E32: 3.75 | AG32: VV | AH32: 0
A33: 8 | B33: 167101101R00 | C33: Nakládání výkopku z hor.1-4 v množství do 100 m3 | D33: m3 | E33: 3.751 | F33: 213 | G33: =ROUND(E33*F33,2) -> 798.96 | I33: =ROUND(E33*H33,2) -> 0 | K33: =ROUND(E33*J33,2) -> 0 | L33: 21 | M33: =G33*(1+L33/100) -> 966.7416 | N33: 0 | O33: =ROUND(E33*N33,2) -> 0 | P33: 0 | Q33: =ROUND(E33*P33,2) -> 0 | S33: RTS 19/ II | T33: RTS 19/ II | U33: 0.652 | V33: =ROUND(E33*U33,2) -> 2.45 | X33: Práce | AG33: POL1_1
C34: odvoz přebytečné zeminy na skládku : | AG34: VV | AH34: 0
C35: 6,20*1,10*0,55 | E35: 3.75 | AG35: VV | AH35: 0
A36: 9 | B36: 171201201R00 | C36: Uložení sypaniny na skl.-modelace na výšku přes 2m | D36: m3 | E36: 3.751 | F36: 11 | G36: =ROUND(E36*F36,2) -> 41.26 | I36: =ROUND(E36*H36,2) -> 0 | K36: =ROUND(E36*J36,2) -> 0 | L36: 21 | M36: =G36*(1+L36/100) -> 49.9246 | N36: 0 | O36: =ROUND(E36*N36,2) -> 0 | P36: 0 | Q36: =ROUND(E36*P36,2) -> 0 | S36: RTS 19/ II | T36: RTS 19/ II | U36: 0.009 | V36: =ROUND(E36*U36,2) -> 0.03 | X36: Práce | AG36: POL1_1
C37: odvoz přebytečné zeminy na skládku : | AG37: VV | AH37: 0
C38: 6,20*1,10*0,55 | E38: 3.75 | AG38: VV | AH38: 0
A39: 10 | B39: 174101101R00 | C39: Zásyp jam, rýh, šachet se zhutněním | D39: m3 | E39: 8.525 | F39: 171 | G39: =ROUND(E39*F39,2) -> 1457.78 | I39: =ROUND(E39*H39,2) -> 0 | K39: =ROUND(E39*J39,2) -> 0 | L39: 21 | M39: =G39*(1+L39/100) -> 1763.9138 | N39: 0 | O39: =ROUND(E39*N39,2) -> 0 | P39: 0 | Q39: =ROUND(E39*P39,2) -> 0 | S39: RTS 19/ II | T39: RTS 19/ II | U39: 0.202 | V39: =ROUND(E39*U39,2) -> 1.72 | X39: Práce | AG39: POL1_1
C40: zásyp zbylého výkopu vykopanou zeminou : | AG40: VV | AH40: 0
C41: přípojka D : | AG41: VV | AH41: 0
C42: 6,20*1,10*(1,80-0,55) | E42: 8.53 | AG42: VV | AH42: 0
A43: 11 | B43: 175101101R00 | C43: Obsyp potrubí bez prohození sypaniny | D43: m3 | E43: 3.069 | F43: 171 | G43: =ROUND(E43*F43,2) -> 524.8 | I43: =ROUND(E43*H43,2) -> 0 | K43: =ROUND(E43*J43,2) -> 0 | L43: 21 | M43: =G43*(1+L43/100) -> 635.008 | N43: 0 | O43: =ROUND(E43*N43,2) -> 0 | P43: 0 | Q43: =ROUND(E43*P43,2) -> 0 | S43: RTS 19/ II | T43: RTS 19/ II | U43: 1.587 | V43: =ROUND(E43*U43,2) -> 4.87 | X43: Práce | AG43: POL1_1
C44: přípojka D : | AG44: VV | AH44: 0
C45: 6,20*1,10*0,45 | E45: 3.07 | AG45: VV | AH45: 0
A46: 12 | B46: 199000005R00 | C46: Poplatek za skládku zeminy 1- 4 | D46: t | E46: 7.1269 | F46: 210 | G46: =ROUND(E46*F46,2) -> 1496.65 | I46: =ROUND(E46*H46,2) -> 0 | K46: =ROUND(E46*J46,2) -> 0 | L46: 21 | M46: =G46*(1+L46/100) -> 1810.9465 | N46: 0 | O46: =ROUND(E46*N46,2) -> 0 | P46: 0 | Q46: =ROUND(E46*P46,2) -> 0 | S46: RTS 19/ II | T46: RTS 19/ II | U46: 0 | V46: =ROUND(E46*U46,2) -> 0 | X46: Práce | AG46: POL1_1
C47: odvoz přebytečné zeminy na skládku : | AG47: VV | AH47: 0
C48: Začátek provozního součtu | AG48: VV
C49: 6,20*1,10*0,55 | E49: 3.75 | AG49: VV | AH49: 2
C50: Konec provozního součtu | AG50: VV
C51: 3,7510*1,90 | E51: 7.13 | AG51: VV | AH51: 0
A52: 13 | B52: 58337333 | C52: Štěrkopísek frakce 0-32 A | D52: T | E52: 5.8004 | F52: 35 | G52: =ROUND(E52*F52,2) -> 203.01 | I52: =ROUND(E52*H52,2) -> 0 | K52: =ROUND(E52*J52,2) -> 0 | L52: 21 | M52: =G52*(1+L52/100) -> 245.6421 | N52: 1 | O52: =ROUND(E52*N52,2) -> 5.8 | P52: 0 | Q52: =ROUND(E52*P52,2) -> 0 | R52: SPCM | S52: RTS 19/ II | T52: RTS 19/ II | U52: 0 | V52: =ROUND(E52*U52,2) -> 0 | X52: Specifikace | AG52: POL3_1
C53: přípojka D : | AG53: VV | AH53: 0
C54: Začátek provozního součtu | AG54: VV
C55: 6,20*1,10*0,45 | E55: 3.07 | AG55: VV | AH55: 2
C56: Konec provozního součtu | AG56: VV
C57: 3,0690*1,89 | E57: 5.8 | AG57: VV | AH57: 0
A58: Díl: | B58: 4 | C58: Vodorovné konstrukce | G58: =SUMIF(AG59:AG71,"<>NOR",G59:G71) -> 1847.34 | I58: =SUM(I59:I71) -> 0 | K58: =SUM(K59:K71) -> 0 | M58: =SUM(M59:M71) -> 2235.2814 | O58: =SUM(O59:O71) -> 1.32 | Q58: =SUM(Q59:Q71) -> 0 | V58: =SUM(V59:V71) -> 3.39 | AG58: DIL
A59: 14 | B59: 451572111R00 | C59: Lože pod potrubí z kameniva těženého 0 - 4 mm | D59: m3 | E59: 0.682 | F59: 783 | G59: =ROUND(E59*F59,2) -> 534.01 | I59: =ROUND(E59*H59,2) -> 0 | K59: =ROUND(E59*J59,2) -> 0 | L59: 21 | M59: =G59*(1+L59/100) -> 646.1521 | N59: 1.1322 | O59: =ROUND(E59*N59,2) -> 0.77 | P59: 0 | Q59: =ROUND(E59*P59,2) -> 0 | S59: RTS 19/ II | T59: RTS 19/ II | U59: 1.695 | V59: =ROUND(E59*U59,2) -> 1.16 | X59: Práce | AG59: POL1_1
C60: přípojka D : | AG60: VV | AH60: 0
C61: 6,20*1,10*0,10 | E61: 0.68 | AG61: VV | AH61: 0
A62: 15 | B62: 452313161R00 | C62: Bloky pro potrubí z betonu C 25/30 | D62: m3 | E62: 0.216 | F62: 2658 | G62: =ROUND(E62*F62,2) -> 574.13 | I62: =ROUND(E62*H62,2) -> 0 | K62: =ROUND(E62*J62,2) -> 0 | L62: 21 | M62: =G62*(1+L62/100) -> 694.6973 | N62: 2.5 | O62: =ROUND(E62*N62,2) -> 0.54 | P62: 0 | Q62: =ROUND(E62*P62,2) -> 0 | S62: RTS 19/ II | T62: RTS 19/ II | U62: 1.192 | V62: =ROUND(E62*U62,2) -> 0.26 | X62: Práce | AG62: POL1_1
C63: 0,40*0,30*0,40 | E63: 0.05 | AG63: VV | AH63: 0
C64: 0,40*0,30*0,40 | E64: 0.05 | AG64: VV | AH64: 0
C65: 0,50*0,30*0,40 | E65: 0.06 | AG65: VV | AH65: 0
C66: 0,50*0,30*0,40 | E66: 0.06 | AG66: VV | AH66: 0
A67: 16 | B67: 452351101R00 | C67: Bednění desek nebo sedlových loží pod potrubí | D67: m2 | E67: 2.4 | F67: 308 | G67: =ROUND(E67*F67,2) -> 739.2 | I67: =ROUND(E67*H67,2) -> 0 | K67: =ROUND(E67*J67,2) -> 0 | L67: 21 | M67: =G67*(1+L67/100) -> 894.432 | N67: 0.00442 | O67: =ROUND(E67*N67,2) -> 0.01 | P67: 0 | Q67: =ROUND(E67*P67,2) -> 0 | S67: RTS 19/ II | T67: RTS 19/ II | U67: 0.821 | V67: =ROUND(E67*U67,2) -> 1.97 | X67: Práce | AG67: POL1_1
C68: (2*0,40+2*0,30)*0,40 | E68: 0.56 | AG68: VV | AH68: 0
C69: (2*0,40+2*0,30)*0,40 | E69: 0.56 | AG69: VV | AH69: 0
C70: (2*0,50+2*0,30)*0,40 | E70: 0.64 | AG70: VV | AH70: 0
C71: (2*0,50+2*0,30)*0,40 | E71: 0.64 | AG71: VV | AH71: 0
A72: Díl: | B72: 8 | C72: Trubní vedení | G72: =SUMIF(AG73:AG113,"<>NOR",G73:G113) -> 156535.93 | I72: =SUM(I73:I113) -> 0 | K72: =SUM(K73:K113) -> 0 | M72: =SUM(M73:M113) -> 189408.48 | O72: =SUM(O73:O113) -> 0.19 | Q72: =SUM(Q73:Q113) -> 0 | V72: =SUM(V73:V113) -> 34.22 | AG72: DIL
A73: 17 | B73: 851601102R00 | C73: Montáž potrubí tlakového, tvárná litina DN 100 | D73: m | E73: 6.5 | F73: 123 | G73: =ROUND(E73*F73,2) -> 799.5 | I73: =ROUND(E73*H73,2) -> 0 | K73: =ROUND(E73*J73,2) -> 0 | L73: 21 | M73: =G73*(1+L73/100) -> 967.395 | N73: 0 | O73: =ROUND(E73*N73,2) -> 0 | P73: 0 | Q73: =ROUND(E73*P73,2) -> 0 | S73: RTS 19/ II | T73: RTS 19/ II | U73: 0.409 | V73: =ROUND(E73*U73,2) -> 2.66 | X73: Práce | AG73: POL1_1
C74: potrubí DN100 : | AG74: VV | AH74: 0
C75: 6,50 | E75: 6.5 | AG75: VV | AH75: 0
A76: 18 | B76: 857701102R00 | C76: Montáž tvarovek odbočných, tvárná litina DN 100 | D76: kus | E76: 18 | F76: 569 | G76: =ROUND(E76*F76,2) -> 10242 | I76: =ROUND(E76*H76,2) -> 0 | K76: =ROUND(E76*J76,2) -> 0 | L76: 21 | M76: =G76*(1+L76/100) -> 12392.82 | N76: 0.00021 | O76: =ROUND(E76*N76,2) -> 0 | P76: 0 | Q76: =ROUND(E76*P76,2) -> 0 | S76: RTS 19/ II | T76: RTS 19/ II | U76: 1.6504 | V76: =ROUND(E76*U76,2) -> 29.71 | X76: Práce | AG76: POL1_1
C77: tvarovky z tvárné litiny : | AG77: VV | AH77: 0
C78: 4,00+4,00+2,00+8,00 | E78: 18 | AG78: VV | AH78: 0
A79: 19 | B79: 890-001 | C79: D+M armatura tvárná litina šoupátko zemní dlouhá déka Š DN 100 | D79: kus | E79: 1 | F79: 10651 | G79: =ROUND(E79*F79,2) -> 10651 | I79: =ROUND(E79*H79,2) -> 0 | K79: =ROUND(E79*J79,2) -> 0 | L79: 21 | M79: =G79*(1+L79/100) -> 12887.71 | N79: 0 | O79: =ROUND(E79*N79,2) -> 0 | P79: 0 | Q79: =ROUND(E79*P79,2) -> 0 | S79: Vlastní | T79: Indiv | U79: 0 | V79: =ROUND(E79*U79,2) -> 0 | X79: Práce | AG79: POL1_1
A80: 20 | B80: 890-002 | C80: D+M armatura tvárná litina šoupátko krátká délka Š DN 100 | D80: kus | E80: 3 | F80: 5590 | G80: =ROUND(E80*F80,2) -> 16770 | I80: =ROUND(E80*H80,2) -> 0 | K80: =ROUND(E80*J80,2) -> 0 | L80: 21 | M80: =G80*(1+L80/100) -> 20291.7 | N80: 0 | O80: =ROUND(E80*N80,2) -> 0 | P80: 0 | Q80: =ROUND(E80*P80,2) -> 0 | S80: Vlastní | T80: Indiv | U80: 0 | V80: =ROUND(E80*U80,2) -> 0 | X80: Práce | AG80: POL1_1
A81: 21 | B81: 890-003 | C81: D+M armatura tvárná litina filtr DN 100 | D81: kus | E81: 1 | F81: 11417 | G81: =ROUND(E81*F81,2) -> 11417 | I81: =ROUND(E81*H81,2) -> 0 | K81: =ROUND(E81*J81,2) -> 0 | L81: 21 | M81: =G81*(1+L81/100) -> 13814.57 | N81: 0 | O81: =ROUND(E81*N81,2) -> 0 | P81: 0 | Q81: =ROUND(E81*P81,2) -> 0 | S81: Vlastní | T81: Indiv | U81: 0 | V81: =ROUND(E81*U81,2) -> 0 | X81: Práce | AG81: POL1_1
A82: 22 | B82: 890-004 | C82: D+M armatura tvárná litina montážní vložka DN 100 | D82: kus | E82: 1 | F82: 13596 | G82: =ROUND(E82*F82,2) -> 13596 | I82: =ROUND(E82*H82,2) -> 0 | K82: =ROUND(E82*J82,2) -> 0 | L82: 21 | M82: =G82*(1+L82/100) -> 16451.16 | N82: 0 | O82: =ROUND(E82*N82,2) -> 0 | P82: 0 | Q82: =ROUND(E82*P82,2) -> 0 | S82: Vlastní | T82: Indiv | U82: 0 | V82: =ROUND(E82*U82,2) -> 0 | X82: Práce | AG82: POL1_1
A83: 23 | B83: 890-005 | C83: D+M armatura tvárná litina zpětná klapka DN 100 | D83: kus | E83: 1 | F83: 11295 | G83: =ROUND(E83*F83,2) -> 11295 | I83: =ROUND(E83*H83,2) -> 0 | K83: =ROUND(E83*J83,2) -> 0 | L83: 21 | M83: =G83*(1+L83/100) -> 13666.95 | N83: 0 | O83: =ROUND(E83*N83,2) -> 0 | P83: 0 | Q83: =ROUND(E83*P83,2) -> 0 | S83: Vlastní | T83: Indiv | U83: 0 | V83: =ROUND(E83*U83,2) -> 0 | X83: Práce | AG83: POL1_1
A84: 24 | B84: 890-006 | C84: D+M armatura redukční ventil DN 50 přírubový | D84: kus | E84: 1 | F84: 2470 | G84: =ROUND(E84*F84,2) -> 2470 | I84: =ROUND(E84*H84,2) -> 0 | K84: =ROUND(E84*J84,2) -> 0 | L84: 21 | M84: =G84*(1+L84/100) -> 2988.7 | N84: 0 | O84: =ROUND(E84*N84,2) -> 0 | P84: 0 | Q84: =ROUND(E84*P84,2) -> 0 | S84: Vlastní | T84: Indiv | U84: 0 | V84: =ROUND(E84*U84,2) -> 0 | X84: Práce | AG84: POL1_1
A85: 25 | B85: 890-007 | C85: D+M poklop šoupátkový | D85: kus | E85: 1 | F85: 565 | G85: =ROUND(E85*F85,2) -> 565 | I85: =ROUND(E85*H85,2) -> 0 | K85: =ROUND(E85*J85,2) -> 0 | L85: 21 | M85: =G85*(1+L85/100) -> 683.65 | N85: 0 | O85: =ROUND(E85*N85,2) -> 0 | P85: 0 | Q85: =ROUND(E85*P85,2) -> 0 | S85: Vlastní | T85: Indiv | U85: 0 | V85: =ROUND(E85*U85,2) -> 0 | X85: Práce | AG85: POL1_1
A86: 26 | B86: 890-008 | C86: D+M zemní souprava teleskop. DN 100 Rd 1,2-1,8 m | D86: kus | E86: 1 | F86: 2034 | G86: =ROUND(E86*F86,2) -> 2034 | I86: =ROUND(E86*H86,2) -> 0 | K86: =ROUND(E86*J86,2) -> 0 | L86: 21 | M86: =G86*(1+L86/100) -> 2461.14 | N86: 0 | O86: =ROUND(E86*N86,2) -> 0 | P86: 0 | Q86: =ROUND(E86*P86,2) -> 0 | S86: Vlastní | T86: Indiv | U86: 0 | V86: =ROUND(E86*U86,2) -> 0 | X86: Práce | AG86: POL1_1
A87: 27 | B87: 890-009 | C87: D+M orientační tabulka pro šoupě | D87: kus | E87: 1 | F87: 1130 | G87: =ROUND(E87*F87,2) -> 1130 | I87: =ROUND(E87*H87,2) -> 0 | K87: =ROUND(E87*J87,2) -> 0 | L87: 21 | M87: =G87*(1+L87/100) -> 1367.3 | N87: 0 | O87: =ROUND(E87*N87,2) -> 0 | P87: 0 | Q87: =ROUND(E87*P87,2) -> 0 | S87: Vlastní | T87: Indiv | U87: 0 | V87: =ROUND(E87*U87,2) -> 0 | X87: Práce | AG87: POL1_1
A88: 28 | B88: 890-010 | C88: D+M ruční kolo k šoupátku DN 100 | D88: kus | E88: 3 | F88: 555 | G88: =ROUND(E88*F88,2) -> 1665 | I88: =ROUND(E88*H88,2) -> 0 | K88: =ROUND(E88*J88,2) -> 0 | L88: 21 | M88: =G88*(1+L88/100) -> 2014.65 | N88: 0 | O88: =ROUND(E88*N88,2) -> 0 | P88: 0 | Q88: =ROUND(E88*P88,2) -> 0 | S88: Vlastní | T88: Indiv | U88: 0 | V88: =ROUND(E88*U88,2) -> 0 | X88: Práce | AG88: POL1_1
A89: 29 | B89: 890-011 | C89: D+M MARKER modrý SM 2500 | D89: kus | E89: 4 | F89: 198 | G89: =ROUND(E89*F89,2) -> 792 | I89: =ROUND(E89*H89,2) -> 0 | K89: =ROUND(E89*J89,2) -> 0 | L89: 21 | M89: =G89*(1+L89/100) -> 958.32 | N89: 0 | O89: =ROUND(E89*N89,2) -> 0 | P89: 0 | Q89: =ROUND(E89*P89,2) -> 0 | S89: Vlastní | T89: Indiv | U89: 0 | V89: =ROUND(E89*U89,2) -> 0 | X89: Práce | AG89: POL1_1
A90: 30 | B90: 890-012 | C90: D+M elastomerová manžeta na hrdlový spoj DN 100 | D90: kus | E90: 2 | F90: 455 | G90: =ROUND(E90*F90,2) -> 910 | I90: =ROUND(E90*H90,2) -> 0 | K90: =ROUND(E90*J90,2) -> 0 | L90: 21 | M90: =G90*(1+L90/100) -> 1101.1 | N90: 0 | O90: =ROUND(E90*N90,2) -> 0 | P90: 0 | Q90: =ROUND(E90*P90,2) -> 0 | S90: Vlastní | T90: Indiv | U90: 0 | V90: =ROUND(E90*U90,2) -> 0 | X90: Práce | AG90: POL1_1
... A99: 39 | B99: 899711122R00 | C99: Fólie výstražná z PVC, šířka 30 cm | D99: m | E99: 7.15 | F99: 12 | G99: =ROUND(E99*F99,2) -> 85.8 | I99: =ROUND(E99*H99,2) -> 0 | K99: =ROUND(E99*J99,2) -> 0 | L99: 21 | M99: =G99*(1+L99/100) -> 103.818 | N99: 0 | O99: =ROUND(E99*N99,2) -> 0 | P99: 0 | Q99: =ROUND(E99*P99,2) -> 0 | S99: RTS 19/ II | T99: RTS 19/ II | U99: 0.026 | V99: =ROUND(E99*U99,2) -> 0.19 | X99: Práce | AG99: POL1_1
C100: 6,50*1,10 | E100: 7.15 | AG100: VV | AH100: 0
A101: 40 | B101: 900-001 | C101: Potrubí DN100 TL, těžká protikorozní ochrana (dle ČSN EN 545:2011 tl.stěny litiny min.4,7 mm) | D101: m | E101: 6.825 | F101: 2225 | G101: =ROUND(E101*F101,2) -> 15185.63 | I101: =ROUND(E101*H101,2) -> 0 | K101: =ROUND(E101*J101,2) -> 0 | L101: 21 | M101: =G101*(1+L101/100) -> 18374.612 | N101: 0.028 | O101: =ROUND(E101*N101,2) -> 0.19 | P101: 0 | Q101: =ROUND(E101*P101,2) -> 0 | S101: Vlastní | T101: Indiv | U101: 0 | V101: =ROUND(E101*U101,2) -> 0 | X101: Práce | AG101: POL1_1
C102: potrubí DN100 : | AG102: VV | AH102: 0
C103: 6,50*1,05 | E103: 6.83 | AG103: VV | AH103: 0
A104: 41 | B104: 900-002 | C104: Tvarovka tvárná litina spojka E DN 100 | D104: kus | E104: 1 | F104: 2910 | G104: =ROUND(E104*F104,2) -> 2910 | I104: =ROUND(E104*H104,2) -> 0 | K104: =ROUND(E104*J104,2) -> 0 | L104: 21 | M104: =G104*(1+L104/100) -> 3521.1 | N104: 0 | O104: =ROUND(E104*N104,2) -> 0 | P104: 0 | Q104: =ROUND(E104*P104,2) -> 0 | S104: Vlastní | T104: Indiv | U104: 0 | V104: =ROUND(E104*U104,2) -> 0 | X104: Práce | AG104: POL1_1
A105: 42 | B105: 900-003 | C105: Tvarovka tvárná litina patkové koleno N DN 100 | D105: kus | E105: 1 | F105: 7719 | G105: =ROUND(E105*F105,2) -> 7719 | I105: =ROUND(E105*H105,2) -> 0 | K105: =ROUND(E105*J105,2) -> 0 | L105: 21 | M105: =G105*(1+L105/100) -> 9339.99 | N105: 0 | O105: =ROUND(E105*N105,2) -> 0 | P105: 0 | Q105: =ROUND(E105*P105,2) -> 0 | S105: Vlastní | T105: Indiv | U105: 0 | V105: =ROUND(E105*U105,2) -> 0 | X105: Práce | AG105: POL1_1
A106: 43 | B106: 900-004 | C106: Tvarovka tvárná litina odbočka T DN 100/50 | D106: kus | E106: 2 | F106: 5511 | G106: =ROUND(E106*F106,2) -> 11022 | I106: =ROUND(E106*H106,2) -> 0 | K106: =ROUND(E106*J106,2) -> 0 | L106: 21 | M106: =G106*(1+L106/100) -> 13336.62 | N106: 0 | O106: =ROUND(E106*N106,2) -> 0 | P106: 0 | Q106: =ROUND(E106*P106,2) -> 0 | S106: Vlastní | T106: Indiv | U106: 0 | V106: =ROUND(E106*U106,2) -> 0 | X106: Práce | AG106: POL1_1
A107: 44 | B107: 900-005 | C107: Tvarovka tvárná litina přírubová spojka jištěná proti posunu DN 100 | D107: kus | E107: 1 | F107: 2894 | G107: =ROUND(E107*F107,2) -> 2894 | I107: =ROUND(E107*H107,2) -> 0 | K107: =ROUND(E107*J107,2) -> 0 | L107: 21 | M107: =G107*(1+L107/100) -> 3501.74 | N107: 0 | O107: =ROUND(E107*N107,2) -> 0 | P107: 0 | Q107: =ROUND(E107*P107,2) -> 0 | S107: Vlastní | T107: Indiv | U107: 0 | V107: =ROUND(E107*U107,2) -> 0 | X107: Práce | AG107: POL1_1
A108: 45 | B108: 900-006 | C108: Tvarovka tvárná litina šroubovací kotevní příruba DN 100 | D108: kus | E108: 1 | F108: 2131 | G108: =ROUND(E108*F108,2) -> 2131 | I108: =ROUND(E108*H108,2) -> 0 | K108: =ROUND(E108*J108,2) -> 0 | L108: 21 | M108: =G108*(1+L108/100) -> 2578.51 | N108: 0 | O108: =ROUND(E108*N108,2) -> 0 | P108: 0 | Q108: =ROUND(E108*P108,2) -> 0 | S108: Vlastní | T108: Indiv | U108: 0 | V108: =ROUND(E108*U108,2) -> 0 | X108: Práce | AG108: POL1_1
A109: 46 | B109: 900-007 | C109: Tvarovka tvárná litina s volnou přírubou koleno Q DN 100/90° VP | D109: kus | E109: 1 | F109: 3967 | G109: =ROUND(E109*F109,2) -> 3967 | I109: =ROUND(E109*H109,2) -> 0 | K109: =ROUND(E109*J109,2) -> 0 | L109: 21 | M109: =G109*(1+L109/100) -> 4800.07 | N109: 0 | O109: =ROUND(E109*N109,2) -> 0 | P109: 0 | Q109: =ROUND(E109*P109,2) -> 0 | S109: Vlastní | T109: Indiv | U109: 0 | V109: =ROUND(E109*U109,2) -> 0 | X109: Práce | AG109: POL1_1
A110: 47 | B110: 900-008 | C110: Tvarovka tvárná litina redukce FFR DN 100/80 | D110: kus | E110: 2 | F110: 2930 | G110: =ROUND(E110*F110,2) -> 5860 | I110: =ROUND(E110*H110,2) -> 0 | K110: =ROUND(E110*J110,2) -> 0 | L110: 21 | M110: =G110*(1+L110/100) -> 7090.6 | N110: 0 | O110: =ROUND(E110*N110,2) -> 0 | P110: 0 | Q110: =ROUND(E110*P110,2) -> 0 | S110: Vlastní | T110: Indiv | U110: 0 | V110: =ROUND(E110*U110,2) -> 0 | X110: Práce | AG110: POL1_1
...

Sheet IO 754a IO 754a Pol
A1: Položkový rozpočet | AG1: #TypZaznamu#
A2: S: | B2: 2409.2 | C2: Český technologický park Brno, zóna C - objekty D, E, F - infrastruktura | AG2: STA
A3: O: | B3: IO 754a | C3: Venkovní osvětlení - objekt D | AC3: STA | AG3: OBJ
A4: R: | B4: IO 754a | C4: Venkovní osvětlení - objekt D | AG4: ROZ
A6: P.č. | B6: Číslo položky | C6: Název položky | D6: MJ | E6: Množství | F6: Cena / MJ | G6: Celkem | H6: Dodávka | I6: Dodávka celk. | J6: Montáž | K6: Montáž celk. | L6: DPH | M6: Cena s DPH | N6: Hmotnost / MJ | O6: Hmotnost celk.(t) | P6: Dem. hmotnost / MJ | Q6: Dem. hmotnost celk.(t) | R6: Ceník | S6: Cen. soustava / platnost | T6: Cenová úroveň | U6: Nhod / MJ | V6: Nhod celk. | W6: Dodavatel | X6: Typ položky
A8: Díl: | B8: M21 | C8: Elektromontáže | G8: =SUMIF(AG9:AG12,"<>NOR",G9:G12) -> 152645 | I8: =SUM(I9:I12) -> 0 | K8: =SUM(K9:K12) -> 0 | M8: =SUM(M9:M12) -> 184700.45 | O8: =SUM(O9:O12) -> 0 | Q8: =SUM(Q9:Q12) -> 0 | V8: =SUM(V9:V12) -> 0 | AG8: DIL
A9: 1 | B9: 210-001 | C9: D+M kabel CYKY 5x16 | D9: m | E9: 360 | F9: 320 | G9: =ROUND(E9*F9,2) -> 115200 | I9: =ROUND(E9*H9,2) -> 0 | K9: =ROUND(E9*J9,2) -> 0 | L9: 21 | M9: =G9*(1+L9/100) -> 139392 | N9: 0 | O9: =ROUND(E9*N9,2) -> 0 | P9: 0 | Q9: =ROUND(E9*P9,2) -> 0 | S9: Vlastní | T9: Indiv | U9: 0 | V9: =ROUND(E9*U9,2) -> 0 | X9: Práce | AG9: POL1_1
A10: 2 | B10: 210-002 | C10: D+M rozpínací skříň RS1 kompletní provedení | D10: kus | E10: 1 | F10: 13214 | G10: =ROUND(E10*F10,2) -> 13214 | I10: =ROUND(E10*H10,2) -> 0 | K10: =ROUND(E10*J10,2) -> 0 | L10: 21 | M10: =G10*(1+L10/100) -> 15988.94 | N10: 0 | O10: =ROUND(E10*N10,2) -> 0 | P10: 0 | Q10: =ROUND(E10*P10,2) -> 0 | S10: Vlastní | T10: Indiv | U10: 0 | V10: =ROUND(E10*U10,2) -> 0 | X10: Práce | AG10: POL1_1
A11: 3 | B11: 210-003 | C11: D+M rozpínací skříň RS2 kompletní provedení | D11: kus | E11: 1 | F11: 13214 | G11: =ROUND(E11*F11,2) -> 13214 | I11: =ROUND(E11*H11,2) -> 0 | K11: =ROUND(E11*J11,2) -> 0 | L11: 21 | M11: =G11*(1+L11/100) -> 15988.94 | N11: 0 | O11: =ROUND(E11*N11,2) -> 0 | P11: 0 | Q11: =ROUND(E11*P11,2) -> 0 | S11: Vlastní | T11: Indiv | U11: 0 | V11: =ROUND(E11*U11,2) -> 0 | X11: Práce | AG11: POL1_1
A12: 4 | B12: 210-004 | C12: D+M rozpínací skříň RS3 kompletní provedení | D12: kus | E12: 1 | F12: 11017 | G12: =ROUND(E12*F12,2) -> 11017 | I12: =ROUND(E12*H12,2) -> 0 | K12: =ROUND(E12*J12,2) -> 0 | L12: 21 | M12: =G12*(1+L12/100) -> 13330.57 | N12: 0 | O12: =ROUND(E12*N12,2) -> 0 | P12: 0 | Q12: =ROUND(E12*P12,2) -> 0 | S12: Vlastní | T12: Indiv | U12: 0 | V12: =ROUND(E12*U12,2) -> 0 | X12: Práce | AG12: POL1_1
A13: Díl: | B13: M21.M | C13: Ostatní | G13: =SUMIF(AG14:AG16,"<>NOR",G14:G16) -> 12593 | I13: =SUM(I14:I16) -> 0 | K13: =SUM(K14:K16) -> 0 | M13: =SUM(M14:M16) -> 15237.53 | O13: =SUM(O14:O16) -> 0 | Q13: =SUM(Q14:Q16) -> 0 | V13: =SUM(V14:V16) -> 0 | AG13: DIL
A14: 5 | B14: 211-001 | C14: Revize a prohlídky zařízení | D14: kpl. | E14: 1 | F14: 7722 | G14: =ROUND(E14*F14,2) -> 7722 | I14: =ROUND(E14*H14,2) -> 0 | K14: =ROUND(E14*J14,2) -> 0 | L14: 21 | M14: =G14*(1+L14/100) -> 9343.62 | N14: 0 | O14: =ROUND(E14*N14,2) -> 0 | P14: 0 | Q14: =ROUND(E14*P14,2) -> 0 | S14: Vlastní | T14: Indiv | U14: 0 | V14: =ROUND(E14*U14,2) -> 0 | X14: Práce | AG14: POL1_1
A15: 6 | B15: 211-002 | C15: Dohledání napojovacích bodů | D15: kpl. | E15: 1 | F15: 3386 | G15: =ROUND(E15*F15,2) -> 3386 | I15: =ROUND(E15*H15,2) -> 0 | K15: =ROUND(E15*J15,2) -> 0 | L15: 21 | M15: =G15*(1+L15/100) -> 4097.06 | N15: 0 | O15: =ROUND(E15*N15,2) -> 0 | P15: 0 | Q15: =ROUND(E15*P15,2) -> 0 | S15: Vlastní | T15: Indiv | U15: 0 | V15: =ROUND(E15*U15,2) -> 0 | X15: Práce | AG15: POL1_1
A16: 7 | B16: 211-003 | C16: Vytyčení stávajících sítí | D16: kpl. | E16: 1 | F16: 1485 | G16: =ROUND(E16*F16,2) -> 1485 | I16: =ROUND(E16*H16,2) -> 0 | K16: =ROUND(E16*J16,2) -> 0 | L16: 21 | M16: =G16*(1+L16/100) -> 1796.85 | N16: 0 | O16: =ROUND(E16*N16,2) -> 0 | P16: 0 | Q16: =ROUND(E16*P16,2) -> 0 | S16: Vlastní | T16: Indiv | U16: 0 | V16: =ROUND(E16*U16,2) -> 0 | X16: Práce | AG16: POL1_1
A17: Díl: | B17: M23 | C17: Montáže potrubí | G17: =SUMIF(AG18:AG30,"<>NOR",G18:G30) -> 88784 | I17: =SUM(I18:I30) -> 0 | K17: =SUM(K18:K30) -> 0 | M17: =SUM(M18:M30) -> 107428.64 | O17: =SUM(O18:O30) -> 0.15 | Q17: =SUM(Q18:Q30) -> 0 | V17: =SUM(V18:V30) -> 51.2 | AG17: DIL
A18: 8 | B18: 230-004 | C18: D+M zemnící pásek FeZn 30/4 | D18: m | E18: 410 | F18: 124 | G18: =ROUND(E18*F18,2) -> 50840 | I18: =ROUND(E18*H18,2) -> 0 | K18: =ROUND(E18*J18,2) -> 0 | L18: 21 | M18: =G18*(1+L18/100) -> 61516.4 | N18: 0 | O18: =ROUND(E18*N18,2) -> 0 | P18: 0 | Q18: =ROUND(E18*P18,2) -> 0 | S18: Vlastní | T18: Indiv | U18: 0 | V18: =ROUND(E18*U18,2) -> 0 | X18: Práce | AG18: POL1_1
A19: 9 | B19: 230191008R00 | C19: Uložení chráničky ve výkopu PE 63x5,8mm | D19: m | E19: 360 | F19: 48 | G19: =ROUND(E19*F19,2) -> 17280 | I19: =ROUND(E19*H19,2) -> 0 | K19: =ROUND(E19*J19,2) -> 0 | L19: 21 | M19: =G19*(1+L19/100) -> 20908.8 | N19: 0 | O19: =ROUND(E19*N19,2) -> 0 | P19: 0 | Q19: =ROUND(E19*P19,2) -> 0 | S19: RTS 19/ II | T19: RTS 19/ II | U19: 0.12 | V19: =ROUND(E19*U19,2) -> 43.2 | X19: Práce | AG19: POL1_9
C20: chránička DN63 : | AG20: VV | AH20: 0
C21: 360,00 | E21: 360 | AG21: VV | AH21: 0
A22: 10 | B22: 230191018R00 | C22: Uložení chráničky ve výkopu PE 110x10,0 mm | D22: m | E22: 40 | F22: 59 | G22: =ROUND(E22*F22,2) -> 2360 | I22: =ROUND(E22*H22,2) -> 0 | K22: =ROUND(E22*J22,2) -> 0 | L22: 21 | M22: =G22*(1+L22/100) -> 2855.6 | N22: 0 | O22: =ROUND(E22*N22,2) -> 0 | P22: 0 | Q22: =ROUND(E22*P22,2) -> 0 | S22: RTS 19/ II | T22: RTS 19/ II | U22: 0.2 | V22: =ROUND(E22*U22,2) -> 8 | X22: Práce | AG22: POL1_9
C23: chránička DN110 : | AG23: VV | AH23: 0
C24: 40,00 | E24: 40 | AG24: VV | AH24: 0
A25: 11 | B25: 3457114702 | C25: Trubka kabelová chránička KOPOFLEX KF 09063 | D25: m | E25: 396 | F25: 39 | G25: =ROUND(E25*F25,2) -> 15444 | I25: =ROUND(E25*H25,2) -> 0 | K25: =ROUND(E25*J25,2) -> 0 | L25: 21 | M25: =G25*(1+L25/100) -> 18687.24 | N25: 0.00031 | O25: =ROUND(E25*N25,2) -> 0.12 | P25: 0 | Q25: =ROUND(E25*P25,2) -> 0 | R25: SPCM | S25: RTS 19/ II | T25: RTS 19/ II | U25: 0 | V25: =ROUND(E25*U25,2) -> 0 | X25: Specifikace | AG25: POL3_9
C26: chránička DN63 : | AG26: VV | AH26: 0
C27: 360,00*1,10 | E27: 396 | AG27: VV | AH27: 0
A28: 12 | B28: 3457114705 | C28: Trubka kabelová chránička KOPOFLEX KF 09110 | D28: m | E28: 44 | F28: 65 | G28: =ROUND(E28*F28,2) -> 2860 | I28: =ROUND(E28*H28,2) -> 0 | K28: =ROUND(E28*J28,2) -> 0 | L28: 21 | M28: =G28*(1+L28/100) -> 3460.6 | N28: 0.00069 | O28: =ROUND(E28*N28,2) -> 0.03 | P28: 0 | Q28: =ROUND(E28*P28,2) -> 0 | R28: SPCM | S28: RTS 19/ II | T28: RTS 19/ II | U28: 0 | V28: =ROUND(E28*U28,2) -> 0 | X28: Specifikace | AG28: POL3_9
C29: chránička DN110 : | AG29: VV | AH29: 0
C30: 40,00*1,10 | E30: 44 | AG30: VV | AH30: 0
A31: Díl: | B31: M23.4 | C31: Venkovní osvětlení | G31: =SUMIF(AG32:AG47,"<>NOR",G32:G47) -> 144297 | I31: =SUM(I32:I47) -> 0 | K31: =SUM(K32:K47) -> 0 | M31: =SUM(M32:M47) -> 174599.37 | O31: =SUM(O32:O47) -> 0 | Q31: =SUM(Q32:Q47) -> 0 | V31: =SUM(V32:V47) -> 0 | AG31: DIL
A32: 13 | B32: 234-001 | C32: D+M svítidlo VO1 vč.stožáru, výzbroje a uložení výbojkové svítidlo 70W na sloup v.6 m | D32: kus | E32: 1 | F32: 16033 | G32: =ROUND(E32*F32,2) -> 16033 | I32: =ROUND(E32*H32,2) -> 0 | K32: =ROUND(E32*J32,2) -> 0 | L32: 21 | M32: =G32*(1+L32/100) -> 19399.93 | N32: 0 | O32: =ROUND(E32*N32,2) -> 0 | P32: 0 | Q32: =ROUND(E32*P32,2) -> 0 | S32: Vlastní | T32: Indiv | U32: 0 | V32: =ROUND(E32*U32,2) -> 0 | X32: Práce | AG32: POL1_1
C33: 1,00 | E33: 1 | AG33: VV | AH33: 0
A34: 14 | B34: 234-002 | C34: D+M svítidlo VO2 vč.stožáru, výzbroje a uložení výbojkové svítidlo 70W na sloup v.6 m | D34: kus | E34: 1 | F34: 16033 | G34: =ROUND(E34*F34,2) -> 16033 | I34: =ROUND(E34*H34,2) -> 0 | K34: =ROUND(E34*J34,2) -> 0 | L34: 21 | M34: =G34*(1+L34/100) -> 19399.93 | N34: 0 | O34: =ROUND(E34*N34,2) -> 0 | P34: 0 | Q34: =ROUND(E34*P34,2) -> 0 | S34: Vlastní | T34: Indiv | U34: 0 | V34: =ROUND(E34*U34,2) -> 0 | X34: Práce | AG34: POL1_1
C35: 1,00 | E35: 1 | AG35: VV | AH35: 0
A36: 15 | B36: 234-003 | C36: D+M svítidlo VO3 vč.stožáru, výzbroje a uložení výbojkové svítidlo 70W na sloup v.6 m | D36: kus | E36: 2 | F36: 16033 | G36: =ROUND(E36*F36,2) -> 32066 | I36: =ROUND(E36*H36,2) -> 0 | K36: =ROUND(E36*J36,2) -> 0 | L36: 21 | M36: =G36*(1+L36/100) -> 38799.86 | N36: 0 | O36: =ROUND(E36*N36,2) -> 0 | P36: 0 | Q36: =ROUND(E36*P36,2) -> 0 | S36: Vlastní | T36: Indiv | U36: 0 | V36: =ROUND(E36*U36,2) -> 0 | X36: Práce | AG36: POL1_1
C37: 2,00 | E37: 2 | AG37: VV | AH37: 0
A38: 16 | B38: 234-004 | C38: D+M svítidlo VO4 vč.stožáru, výzbroje a uložení výbojkové svítidlo 70W na sloup v.6 m | D38: kus | E38: 1 | F38: 16033 | G38: =ROUND(E38*F38,2) -> 16033 | I38: =ROUND(E38*H38,2) -> 0 | K38: =ROUND(E38*J38,2) -> 0 | L38: 21 | M38: =G38*(1+L38/100) -> 19399.93 | N38: 0 | O38: =ROUND(E38*N38,2) -> 0 | P38: 0 | Q38: =ROUND(E38*P38,2) -> 0 | S38: Vlastní | T38: Indiv | U38: 0 | V38: =ROUND(E38*U38,2) -> 0 | X38: Práce | AG38: POL1_1
C39: 1,00 | E39: 1 | AG39: VV | AH39: 0
A40: 17 | B40: 234-005 | C40: D+M svítidlo VO5 vč.stožáru, výzbroje a uložení výbojkové svítidlo 70W na sloup v.6 m | D40: kus | E40: 1 | F40: 16033 | G40: =ROUND(E40*F40,2) -> 16033 | I40: =ROUND(E40*H40,2) -> 0 | K40: =ROUND(E40*J40,2) -> 0 | L40: 21 | M40: =G40*(1+L40/100) -> 19399.93 | N40: 0 | O40: =ROUND(E40*N40,2) -> 0 | P40: 0 | Q40: =ROUND(E40*P40,2) -> 0 | S40: Vlastní | T40: Indiv | U40: 0 | V40: =ROUND(E40*U40,2) -> 0 | X40: Práce | AG40: POL1_1
C41: 1,00 | E41: 1 | AG41: VV | AH41: 0
A42: 18 | B42: 234-006 | C42: D+M svítidlo VO6 vč.stožáru, výzbroje a uložení výbojkové svítidlo 70W na sloup v.6 m | D42: kus | E42: 1 | F42: 16033 | G42: =ROUND(E42*F42,2) -> 16033 | I42: =ROUND(E42*H42,2) -> 0 | K42: =ROUND(E42*J42,2) -> 0 | L42: 21 | M42: =G42*(1+L42/100) -> 19399.93 | N42: 0 | O42: =ROUND(E42*N42,2) -> 0 | P42: 0 | Q42: =ROUND(E42*P42,2) -> 0 | S42: Vlastní | T42: Indiv | U42: 0 | V42: =ROUND(E42*U42,2) -> 0 | X42: Práce | AG42: POL1_1
C43: 1,00 | E43: 1 | AG43: VV | AH43: 0
A44: 19 | B44: 234-007 | C44: D+M svítidlo VO7 vč.stožáru, výzbroje a uložení výbojkové svítidlo 70W na sloup v.6 m | D44: kus | E44: 1 | F44: 16033 | G44: =ROUND(E44*F44,2) -> 16033 | I44: =ROUND(E44*H44,2) -> 0 | K44: =ROUND(E44*J44,2) -> 0 | L44: 21 | M44: =G44*(1+L44/100) -> 19399.93 | N44: 0 | O44: =ROUND(E44*N44,2) -> 0 | P44: 0 | Q44: =ROUND(E44*P44,2) -> 0 | S44: Vlastní | T44: Indiv | U44: 0 | V44: =ROUND(E44*U44,2) -> 0 | X44: Práce | AG44: POL1_1
C45: 1,00 | E45: 1 | AG45: VV | AH45: 0
A46: 20 | B46: 234-008 | C46: D+M stávající svítidlo V08, stožárovou svorkovnici vyměnit za novou pro tři kabely CYKY 5x16 | D46: kus | E46: 1 | F46: 16033 | G46: =ROUND(E46*F46,2) -> 16033 | I46: =ROUND(E46*H46,2) -> 0 | K46: =ROUND(E46*J46,2) -> 0 | L46: 21 | M46: =G46*(1+L46/100) -> 19399.93 | N46: 0 | O46: =ROUND(E46*N46,2) -> 0 | P46: 0 | Q46: =ROUND(E46*P46,2) -> 0 | S46: Vlastní | T46: Indiv | U46: 0 | V46: =ROUND(E46*U46,2) -> 0 | X46: Práce | AG46: POL1_1
C47: 1,00 | E47: 1 | AG47: VV | AH47: 0
A48: Díl: | B48: M46 | C48: Zemní práce při montážích | G48: =SUMIF(AG49:AG66,"<>NOR",G49:G66) -> 169076.2 | I48: =SUM(I49:I66) -> 0 | K48: =SUM(K49:K66) -> 0 | M48: =SUM(M49:M66) -> 204582.2 | O48: =SUM(O49:O66) -> 131.94 | Q48: =SUM(Q49:Q66) -> 0 | V48: =SUM(V49:V66) -> 316.62 | AG48: DIL
A49: 21 | B49: 460050703RT1 | C49: Jáma do 2 m3 pro stožár veřejného osvětlení, hor.3 ruční výkop jámy | D49: m3 | E49: 9.6 | F49: 1032 | G49: =ROUND(E49*F49,2) -> 9907.2 | I49: =ROUND(E49*H49,2) -> 0 | K49: =ROUND(E49*J49,2) -> 0 | L49: 21 | M49: =G49*(1+L49/100) -> 11987.712 | N49: 0 | O49: =ROUND(E49*N49,2) -> 0 | P49: 0 | Q49: =ROUND(E49*P49,2) -> 0 | S49: RTS 19/ II | T49: RTS 19/ II | U49: 3.44 | V49: =ROUND(E49*U49,2) -> 33.02 | X49: Práce | AG49: POL1_9
C50: jáma pro stožáry VO1 až VO7 : | AG50: VV | AH50: 0
C51: 8*(1,00*1,00*1,20) | E51: 9.6 | AG51: VV | AH51: 0
A52: 22 | B52: 460100038R00 | C52: Pouzdr. základ "Zelený utopenec" 1000x1000, v.1000 | D52: kus | E52: 8 | F52: 3737 | G52: =ROUND(E52*F52,2) -> 29896 | I52: =ROUND(E52*H52,2) -> 0 | K52: =ROUND(E52*J52,2) -> 0 | L52: 21 | M52: =G52*(1+L52/100) -> 36174.16 | N52: 2.90149 | O52: =ROUND(E52*N52,2) -> 23.21 | P52: 0 | Q52: =ROUND(E52*P52,2) -> 0 | S52: RTS 19/ II | T52: RTS 19/ II | U52: 3.183 | V52: =ROUND(E52*U52,2) -> 25.46 | X52: Práce | AG52: POL1_9
C53: stožáry VO1 až VO7 : | AG53: VV | AH53: 0
C54: 8,00 | E54: 8 | AG54: VV | AH54: 0
A55: 23 | B55: 460200283RT1 | C55: Výkop kabelové rýhy 50/100 cm hor.3 strojní výkop rýhy | D55: m | E55: 410 | F55: 117 | G55: =ROUND(E55*F55,2) -> 47970 | I55: =ROUND(E55*H55,2) -> 0 | K55: =ROUND(E55*J55,2) -> 0 | L55: 21 | M55: =G55*(1+L55/100) -> 58043.7 | N55: 0 | O55: =ROUND(E55*N55,2) -> 0 | P55: 0 | Q55: =ROUND(E55*P55,2) -> 0 | S55: RTS 19/ II | T55: RTS 19/ II | U55: 0.146 | V55: =ROUND(E55*U55,2) -> 59.86 | X55: Práce | AG55: POL1_9
C56: 410,00 | E56: 410 | AG56: VV | AH56: 0
A57: 24 | B57: 460420022RT3 | C57: Zřízení kabelového lože v rýze š. do 65 cm z písku lože tloušťky 20 cm | D57: m | E57: 410 | F57: 73 | G57: =ROUND(E57*F57,2) -> 29930 | I57: =ROUND(E57*H57,2) -> 0 | K57: =ROUND(E57*J57,2) -> 0 | L57: 21 | M57: =G57*(1+L57/100) -> 36215.3 | N57: 0.26486 | O57: =ROUND(E57*N57,2) -> 108.59 | P57: 0 | Q57: =ROUND(E57*P57,2) -> 0 | S57: RTS 19/ II | T57: RTS 19/ II | U57: 0.111 | V57: =ROUND(E57*U57,2) -> 45.51 | X57: Práce | AG57: POL1_9
C58: podsyp tl.100 mm a zásyp tl.100 mm : | AG58: VV | AH58: 0
C59: 410,00 | E59: 410 | AG59: VV | AH59: 0
A60: 25 | B60: 460490012RT1 | C60: Fólie výstražná z PVC, šířka 33 cm fólie PVC šířka 33 cm | D60: m | E60: 451 | F60: 13 | G60: =ROUND(E60*F60,2) -> 5863 | I60: =ROUND(E60*H60,2) -> 0 | K60: =ROUND(E60*J60,2) -> 0 | L60: 21 | M60: =G60*(1+L60/100) -> 7094.23 | N60: 0.00031 | O60: =ROUND(E60*N60,2) -> 0.14 | P60: 0 | Q60: =ROUND(E60*P60,2) -> 0 | S60: RTS 19/ II | T60: RTS 19/ II | U60: 0.026 | V60: =ROUND(E60*U60,2) -> 11.73 | X60: Práce | AG60: POL1_9
C61: 410,00*1,10 | E61: 451 | AG61: VV | AH61: 0
A62: 26 | B62: 460570203R00 | C62: Zához rýhy 50/20 cm, hornina třídy 3, se zhutněním | D62: m | E62: 410 | F62: 22 | G62: =ROUND(E62*F62,2) -> 9020 | I62: =ROUND(E62*H62,2) -> 0 | K62: =ROUND(E62*J62,2) -> 0 | L62: 21 | M62: =G62*(1+L62/100) -> 10914.2 | N62: 0 | O62: =ROUND(E62*N62,2) -> 0 | P62: 0 | Q62: =ROUND(E62*P62,2) -> 0 | S62: RTS 19/ II | T62: RTS 19/ II | U62: 0.068 | V62: =ROUND(E62*U62,2) -> 27.88 | X62: Práce | AG62: POL1_9
C63: vrstva přesáté zeminy pod chráničky : | AG63: VV | AH63: 0
C64: 410,00 | E64: 410 | AG64: VV | AH64: 0
A65: 27 | B65: 460570263R00 | C65: Zához rýhy 50/80 cm, hornina třídy 3, se zhutněním | D65: m | E65: 410 | F65: 89 | G65: =ROUND(E65*F65,2) -> 36490 | I65: =ROUND(E65*H65,2) -> 0 | K65: =ROUND(E65*J65,2) -> 0 | L65: 21 | M65: =G65*(1+L65/100) -> 44152.9 | N65: 0 | O65: =ROUND(E65*N65,2) -> 0 | P65: 0 | Q65: =ROUND(E65*P65,2) -> 0 | S65: RTS 19/ II | T65: RTS 19/ II | U65: 0.276 | V65: =ROUND(E65*U65,2) -> 113.16 | X65: Práce | AG65: POL1_9
C66: 410,00 | E66: 410 | AG66: VV | AH66: 0
AE67: 15 | AF67: 21 | AG67: DPH
B68: Celkem | G68: =G8+G13+G17+G31+G48 -> 567395.2 | AE68: =SUMIF(L7:L66,AE67,G7:G66) -> 0 | AF68: =SUMIF(L7:L66,AF67,G7:G66) -> 567395.2 | AG68: SUM
A71: Poznámky uchazeče k zadání
AG72: POPUZIV
AG78: END

Sheet IO 760b IO 760b Pol
A1: Položkový rozpočet | AG1: #TypZaznamu#
A2: S: | B2: 2409.2 | C2: Český technologický park Brno, zóna C - objekty D, E, F - infrastruktura | AG2: STA
A3: O: | B3: IO 760b | C3: Přeložka SLP - optika VUT | AC3: STA | AG3: OBJ
A4: R: | B4: IO 760b | C4: Přeložka SLP - optika VUT | AG4: ROZ
A6: P.č. | B6: Číslo položky | C6: Název položky | D6: MJ | E6: Množství | F6: Cena / MJ | G6: Celkem | H6: Dodávka | I6: Dodávka celk. | J6: Montáž | K6: Montáž celk. | L6: DPH | M6: Cena s DPH | N6: Hmotnost / MJ | O6: Hmotnost celk.(t) | P6: Dem. hmotnost / MJ | Q6: Dem. hmotnost celk.(t) | R6: Ceník | S6: Cen. soustava / platnost | T6: Cenová úroveň | U6: Nhod / MJ | V6: Nhod celk. | W6: Dodavatel | X6: Typ položky
A8: Díl: | B8: M21 | C8: Elektromontáže | G8: =SUMIF(AG9:AG24,"<>NOR",G9:G24) -> 184243 | I8: =SUM(I9:I24) -> 0 | K8: =SUM(K9:K24) -> 0 | M8: =SUM(M9:M24) -> 222934.03 | O8: =SUM(O9:O24) -> 0 | Q8: =SUM(Q9:Q24) -> 0 | V8: =SUM(V9:V24) -> 0 | AG8: DIL
A9: 1 | B9: 210-001 | C9: D+M Kabelová šachta s víkem ref. ZEKAN M1080 | D9: kus | E9: 1 | F9: 16033 | G9: =ROUND(E9*F9,2) -> 16033 | I9: =ROUND(E9*H9,2) -> 0 | K9: =ROUND(E9*J9,2) -> 0 | L9: 21 | M9: =G9*(1+L9/100) -> 19399.93 | N9: 0 | O9: =ROUND(E9*N9,2) -> 0 | P9: 0 | Q9: =ROUND(E9*P9,2) -> 0 | S9: Vlastní | T9: Indiv | U9: 0 | V9: =ROUND(E9*U9,2) -> 0 | X9: Práce | AG9: POL1_1
A10: 2 | B10: 210-002 | C10: D+M Chránička HDPE zemní tlustostěnná 32/27mm zodolněná, osazená 4x trubičkou 10/8mm | D10: m | E10: 75 | F10: 99 | G10: =ROUND(E10*F10,2) -> 7425 | I10: =ROUND(E10*H10,2) -> 0 | K10: =ROUND(E10*J10,2) -> 0 | L10: 21 | M10: =G10*(1+L10/100) -> 8984.25 | N10: 0 | O10: =ROUND(E10*N10,2) -> 0 | P10: 0 | Q10: =ROUND(E10*P10,2) -> 0 | S10: Vlastní | T10: Indiv | U10: 0 | V10: =ROUND(E10*U10,2) -> 0 | X10: Práce | AG10: POL1_1
A11: 3 | B11: 210-003 | C11: D+M Chránička HDPE zemní tlustostěnná 32/27mm bez mikrotrubiček | D11: m | E11: 75 | F11: 56 | G11: =ROUND(E11*F11,2) -> 4200 | I11: =ROUND(E11*H11,2) -> 0 | K11: =ROUND(E11*J11,2) -> 0 | L11: 21 | M11: =G11*(1+L11/100) -> 5082 | N11: 0 | O11: =ROUND(E11*N11,2) -> 0 | P11: 0 | Q11: =ROUND(E11*P11,2) -> 0 | S11: Vlastní | T11: Indiv | U11: 0 | V11: =ROUND(E11*U11,2) -> 0 | X11: Práce | AG11: POL1_1
A12: 4 | B12: 210-004 | C12: D+M optický kabel 96VLÁKEN SM G.652D | D12: m | E12: 85 | F12: 69 | G12: =ROUND(E12*F12,2) -> 5865 | I12: =ROUND(E12*H12,2) -> 0 | K12: =ROUND(E12*J12,2) -> 0 | L12: 21 | M12: =G12*(1+L12/100) -> 7096.65 | N12: 0 | O12: =ROUND(E12*N12,2) -> 0 | P12: 0 | Q12: =ROUND(E12*P12,2) -> 0 | S12: Vlastní | T12: Indiv | U12: 0 | V12: =ROUND(E12*U12,2) -> 0 | X12: Práce | AG12: POL1_1
A13: 5 | B13: 210-005 | C13: D+M optická spojka PRO 96 VLÁKEN (REF. SX-FOSC-D-96) | D13: kus | E13: 2 | F13: 2025 | G13: =ROUND(E13*F13,2) -> 4050 | I13: =ROUND(E13*H13,2) -> 0 | K13: =ROUND(E13*J13,2) -> 0 | L13: 21 | M13: =G13*(1+L13/100) -> 4900.5 | N13: 0 | O13: =ROUND(E13*N13,2) -> 0 | P13: 0 | Q13: =ROUND(E13*P13,2) -> 0 | S13: Vlastní | T13: Indiv | U13: 0 | V13: =ROUND(E13*U13,2) -> 0 | X13: Práce | AG13: POL1_1
A14: 6 | B14: 210-006 | C14: D+M Utěsnění prostupů v šachtě | D14: kus | E14: 1 | F14: 1616 | G14: =ROUND(E14*F14,2) -> 1616 | I14: =ROUND(E14*H14,2) -> 0 | K14: =ROUND(E14*J14,2) -> 0 | L14: 21 | M14: =G14*(1+L14/100) -> 1955.36 | N14: 0 | O14: =ROUND(E14*N14,2) -> 0 | P14: 0 | Q14: =ROUND(E14*P14,2) -> 0 | S14: Vlastní | T14: Indiv | U14: 0 | V14: =ROUND(E14*U14,2) -> 0 | X14: Práce | AG14: POL1_1
A15: 7 | B15: 210-007 | C15: D+M Optický svár včetně měřícího protokolu | D15: kus | E15: 192 | F15: 535 | G15: =ROUND(E15*F15,2) -> 102720 | I15: =ROUND(E15*H15,2) -> 0 | K15: =ROUND(E15*J15,2) -> 0 | L15: 21 | M15: =G15*(1+L15/100) -> 124291.2 | N15: 0 | O15: =ROUND(E15*N15,2) -> 0 | P15: 0 | Q15: =ROUND(E15*P15,2) -> 0 | S15: Vlastní | T15: Indiv | U15: 0 | V15: =ROUND(E15*U15,2) -> 0 | X15: Práce | AG15: POL1_1
A16: 8 | B16: 210-008 | C16: Demontáž stávajícího kabelu z rušené přípojky | D16: kus | E16: 1 | F16: 1485 | G16: =ROUND(E16*F16,2) -> 1485 | I16: =ROUND(E16*H16,2) -> 0 | K16: =ROUND(E16*J16,2) -> 0 | L16: 21 | M16: =G16*(1+L16/100) -> 1796.85 | N16: 0 | O16: =ROUND(E16*N16,2) -> 0 | P16: 0 | Q16: =ROUND(E16*P16,2) -> 0 | S16: Vlastní | T16: Indiv | U16: 0 | V16: =ROUND(E16*U16,2) -> 0 | X16: Práce | AG16: POL1_1
A17: 9 | B17: 210-009 | C17: D+M 1401-XR Ball marker telekomunikace | D17: kus | E17: 5 | F17: 1814 | G17: =ROUND(E17*F17,2) -> 9070 | I17: =ROUND(E17*H17,2) -> 0 | K17: =ROUND(E17*J17,2) -> 0 | L17: 21 | M17: =G17*(1+L17/100) -> 10974.7 | N17: 0 | O17: =ROUND(E17*N17,2) -> 0 | P17: 0 | Q17: =ROUND(E17*P17,2) -> 0 | S17: Vlastní | T17: Indiv | U17: 0 | V17: =ROUND(E17*U17,2) -> 0 | X17: Práce | AG17: POL1_1
A18: 10 | B18: 210-010 | C18: Vytýčení stávajícího vedení | D18: kus | E18: 1 | F18: 594 | G18: =ROUND(E18*F18,2) -> 594 | I18: =ROUND(E18*H18,2) -> 0 | K18: =ROUND(E18*J18,2) -> 0 | L18: 21 | M18: =G18*(1+L18/100) -> 718.74 | N18: 0 | O18: =ROUND(E18*N18,2) -> 0 | P18: 0 | Q18: =ROUND(E18*P18,2) -> 0 | S18: Vlastní | T18: Indiv | U18: 0 | V18: =ROUND(E18*U18,2) -> 0 | X18: Práce | AG18: POL1_1
A19: 11 | B19: 210-011 | C19: Geodetické práce - skutečný stav | D19: kus | E19: 1 | F19: 10098 | G19: =ROUND(E19*F19,2) -> 10098 | I19: =ROUND(E19*H19,2) -> 0 | K19: =ROUND(E19*J19,2) -> 0 | L19: 21 | M19: =G19*(1+L19/100) -> 12218.58 | N19: 0 | O19: =ROUND(E19*N19,2) -> 0 | P19: 0 | Q19: =ROUND(E19*P19,2) -> 0 | S19: Vlastní | T19: Indiv | U19: 0 | V19: =ROUND(E19*U19,2) -> 0 | X19: Práce | AG19: POL1_1
A20: 12 | B20: 210-012 | C20: Koordinační činnosti s provozovatelem přeložky | D20: kus | E20: 1 | F20: 5346 | G20: =ROUND(E20*F20,2) -> 5346 | I20: =ROUND(E20*H20,2) -> 0 | K20: =ROUND(E20*J20,2) -> 0 | L20: 21 | M20: =G20*(1+L20/100) -> 6468.66 | N20: 0 | O20: =ROUND(E20*N20,2) -> 0 | P20: 0 | Q20: =ROUND(E20*P20,2) -> 0 | S20: Vlastní | T20: Indiv | U20: 0 | V20: =ROUND(E20*U20,2) -> 0 | X20: Práce | AG20: POL1_1
... A24: 16 | B24: 210-016 | C24: Ostaní nespecifikované činnosti nutné pro úspěšnou realizaci díla | D24: kus | E24: 1 | F24: 2214 | G24: =ROUND(E24*F24,2) -> 2214 | I24: =ROUND(E24*H24,2) -> 0 | K24: =ROUND(E24*J24,2) -> 0 | L24: 21 | M24: =G24*(1+L24/100) -> 2678.94 | N24: 0 | O24: =ROUND(E24*N24,2) -> 0 | P24: 0 | Q24: =ROUND(E24*P24,2) -> 0 | S24: Vlastní | T24: Indiv | U24: 0 | V24: =ROUND(E24*U24,2) -> 0 | X24: Práce | AG24: POL1_1
A25: Díl: | B25: M46 | C25: Zemní práce při montážích | G25: =SUMIF(AG26:AG27,"<>NOR",G26:G27) -> 49896 | I25: =SUM(I26:I27) -> 0 | K25: =SUM(K26:K27) -> 0 | M25: =SUM(M26:M27) -> 60374.16 | O25: =SUM(O26:O27) -> 0 | Q25: =SUM(Q26:Q27) -> 0 | V25: =SUM(V26:V27) -> 0 | AG25: DIL
A26: 17 | B26: 460-001 | C26: Zemní výkopové práce pro šachtu zekan M1080 | D26: kus | E26: 1 | F26: 5346 | G26: =ROUND(E26*F26,2) -> 5346 | I26: =ROUND(E26*H26,2) -> 0 | K26: =ROUND(E26*J26,2) -> 0 | L26: 21 | M26: =G26*(1+L26/100) -> 6468.66 | N26: 0 | O26: =ROUND(E26*N26,2) -> 0 | P26: 0 | Q26: =ROUND(E26*P26,2) -> 0 | S26: Vlastní | T26: Indiv | U26: 0 | V26: =ROUND(E26*U26,2) -> 0 | X26: Práce | AG26: POL1_1
A27: 18 | B27: 460-002 | C27: Zemní práce 60/35 včetně kabelového lože zákrytových desek, záhozu a úpravy povrchu | D27: m | E27: 75 | F27: 594 | G27: =ROUND(E27*F27,2) -> 44550 | I27: =ROUND(E27*H27,2) -> 0 | K27: =ROUND(E27*J27,2) -> 0 | L27: 21 | M27: =G27*(1+L27/100) -> 53905.5 | N27: 0 | O27: =ROUND(E27*N27,2) -> 0 | P27: 0 | Q27: =ROUND(E27*P27,2) -> 0 | S27: Vlastní | T27: Indiv | U27: 0 | V27: =ROUND(E27*U27,2) -> 0 | X27: Práce | AG27: POL1_1
AE28: 15 | AF28: 21 | AG28: DPH
B29: Celkem | G29: =G8+G25 -> 234139 | AE29: =SUMIF(L7:L27,AE28,G7:G27) -> 0 | AF29: =SUMIF(L7:L27,AF28,G7:G27) -> 234139 | AG29: SUM
A32: Poznámky uchazeče k zadání
AG33: POPUZIV
AG39: END

Sheet IO 763 IO 763 Pol
A1: Položkový rozpočet | AG1: #TypZaznamu#
A2: S: | B2: 2409.2 | C2: Český technologický park Brno, zóna C - objekty D, E, F - infrastruktura | AG2: STA
A3: O: | B3: IO 763 | C3: SLP areálový rozvod - objekt D | AC3: STA | AG3: OBJ
A4: R: | B4: IO 763 | C4: SLP areálový rozvod - objekt D | AG4: ROZ
A6: P.č. | B6: Číslo položky | C6: Název položky | D6: MJ | E6: Množství | F6: Cena / MJ | G6: Celkem | H6: Dodávka | I6: Dodávka celk. | J6: Montáž | K6: Montáž celk. | L6: DPH | M6: Cena s DPH | N6: Hmotnost / MJ | O6: Hmotnost celk.(t) | P6: Dem. hmotnost / MJ | Q6: Dem. hmotnost celk.(t) | R6: Ceník | S6: Cen. soustava / platnost | T6: Cenová úroveň | U6: Nhod / MJ | V6: Nhod celk. | W6: Dodavatel | X6: Typ položky
A8: Díl: | B8: M21 | C8: Elektromontáže | G8: =SUMIF(AG9:AG10,"<>NOR",G9:G10) -> 52218 | I8: =SUM(I9:I10) -> 0 | K8: =SUM(K9:K10) -> 0 | M8: =SUM(M9:M10) -> 63183.78 | O8: =SUM(O9:O10) -> 0 | Q8: =SUM(Q9:Q10) -> 0 | V8: =SUM(V9:V10) -> 0 | AG8: DIL
A9: 1 | B9: 210-001 | C9: D+M napojení na stávající kabelové komory | D9: kus | E9: 2 | F9: 5346 | G9: =ROUND(E9*F9,2) -> 10692 | I9: =ROUND(E9*H9,2) -> 0 | K9: =ROUND(E9*J9,2) -> 0 | L9: 21 | M9: =G9*(1+L9/100) -> 12937.32 | N9: 0 | O9: =ROUND(E9*N9,2) -> 0 | P9: 0 | Q9: =ROUND(E9*P9,2) -> 0 | S9: Vlastní | T9: Indiv | U9: 0 | V9: =ROUND(E9*U9,2) -> 0 | X9: Práce | AG9: POL1_1
A10: 2 | B10: 210-002 | C10: D+M kabelová šachta 1000x1000x1000 mm ZEKAN M1080 | D10: kus | E10: 2 | F10: 20763 | G10: =ROUND(E10*F10,2) -> 41526 | I10: =ROUND(E10*H10,2) -> 0 | K10: =ROUND(E10*J10,2) -> 0 | L10: 21 | M10: =G10*(1+L10/100) -> 50246.46 | N10: 0 | O10: =ROUND(E10*N10,2) -> 0 | P10: 0 | Q10: =ROUND(E10*P10,2) -> 0 | S10: Vlastní | T10: Indiv | U10: 0 | V10: =ROUND(E10*U10,2) -> 0 | X10: Práce | AG10: POL1_1
A11: Díl: | B11: M23 | C11: Montáže potrubí | G11: =SUMIF(AG12:AG27,"<>NOR",G12:G27) -> 110671.2 | I11: =SUM(I12:I27) -> 0 | K11: =SUM(K12:K27) -> 0 | M11: =SUM(M12:M27) -> 133912.15 | O11: =SUM(O12:O27) -> 0 | Q11: =SUM(Q12:Q27) -> 0 | V11: =SUM(V12:V27) -> 0 | AG11: DIL
A12: 3 | B12: 230-001 | C12: D+M chránička zemní tlustostěnná HDPE 32/27 zodolněná | D12: m | E12: 888 | F12: 56 | G12: =ROUND(E12*F12,2) -> 49728 | I12: =ROUND(E12*H12,2) -> 0 | K12: =ROUND(E12*J12,2) -> 0 | L12: 21 | M12: =G12*(1+L12/100) -> 60170.88 | N12: 0 | O12: =ROUND(E12*N12,2) -> 0 | P12: 0 | Q12: =ROUND(E12*P12,2) -> 0 | S12: Vlastní | T12: Indiv | U12: 0 | V12: =ROUND(E12*U12,2) -> 0 | X12: Práce | AG12: POL1_1
C13: trubka HDPE 32/27 : | AG13: VV | AH13: 0
C14: (18,00+85,00+45,00)*4 | E14: 592 | AG14: VV | AH14: 0
C15: (18,00+85,00+45,00)*2 | E15: 296 | AG15: VV | AH15: 0
A16: 4 | B16: 230-002 | C16: D+M trubička 10/8 mm | D16: m | E16: 592 | F16: 28 | G16: =ROUND(E16*F16,2) -> 16576 | I16: =ROUND(E16*H16,2) -> 0 | K16: =ROUND(E16*J16,2) -> 0 | L16: 21 | M16: =G16*(1+L16/100) -> 20056.96 | N16: 0 | O16: =ROUND(E16*N16,2) -> 0 | P16: 0 | Q16: =ROUND(E16*P16,2) -> 0 | S16: Vlastní | T16: Indiv | U16: 0 | V16: =ROUND(E16*U16,2) -> 0 | X16: Práce | AG16: POL1_1
C17: trubička 10/8 mm : | AG17: VV | AH17: 0
C18: (18,00+85,00+45,00)*4 | E18: 592 | AG18: VV | AH18: 0
A19: 5 | B19: 230-003 | C19: D+M trubka KOPODUR DN110 mm | D19: m | E19: 195 | F19: 124 | G19: =ROUND(E19*F19,2) -> 24180 | I19: =ROUND(E19*H19,2) -> 0 | K19: =ROUND(E19*J19,2) -> 0 | L19: 21 | M19: =G19*(1+L19/100) -> 29257.8 | N19: 0 | O19: =ROUND(E19*N19,2) -> 0 | P19: 0 | Q19: =ROUND(E19*P19,2) -> 0 | S19: Vlastní | T19: Indiv | U19: 0 | V19: =ROUND(E19*U19,2) -> 0 | X19: Práce | AG19: POL1_1
C20: trubky pod komunikací : | AG20: VV | AH20: 0
C21: 3*45,00 | E21: 135 | AG21: VV | AH21: 0
C22: 2*30,00 | E22: 60 | AG22: VV | AH22: 0
A23: 6 | B23: 230-004 | C23: D+M zemnič FeZn 30/4 | D23: m | E23: 162.8 | F23: 124 | G23: =ROUND(E23*F23,2) -> 20187.2 | I23: =ROUND(E23*H23,2) -> 0 | K23: =ROUND(E23*J23,2) -> 0 | L23: 21 | M23: =G23*(1+L23/100) -> 24426.512 | N23: 0 | O23: =ROUND(E23*N23,2) -> 0 | P23: 0 | Q23: =ROUND(E23*P23,2) -> 0 | S23: Vlastní | T23: Indiv | U23: 0 | V23: =ROUND(E23*U23,2) -> 0 | X23: Práce | AG23: POL1_1
C24: Začátek provozního součtu | AG24: VV
C25: 18,00+85,00+45,00 | E25: 148 | AG25: VV | AH25: 2
C26: Konec provozního součtu | AG26: VV
C27: 148,00*1,10 | E27: 162.8 | AG27: VV | AH27: 0
A28: Díl: | B28: M46 | C28: Zemní práce při montážích | G28: =SUMIF(AG29:AG44,"<>NOR",G29:G44) -> 50418.4 | I28: =SUM(I29:I44) -> 0 | K28: =SUM(K29:K44) -> 0 | M28: =SUM(M29:M44) -> 61006.264 | O28: =SUM(O29:O44) -> 48.34 | Q28: =SUM(Q29:Q44) -> 0 | V28: =SUM(V29:V44) -> 118.12 | AG28: DIL
A29: 7 | B29: 460070654R00 | C29: Jáma pro šachtu 100 x 100 x 150 cm, hornina 4 | D29: kus | E29: 2 | F29: 3505 | G29: =ROUND(E29*F29,2) -> 7010 | I29: =ROUND(E29*H29,2) -> 0 | K29: =ROUND(E29*J29,2) -> 0 | L29: 21 | M29: =G29*(1+L29/100) -> 8482.1 | N29: 4.5459 | O29: =ROUND(E29*N29,2) -> 9.09 | P29: 0 | Q29: =ROUND(E29*P29,2) -> 0 | S29: RTS 19/ II | T29: RTS 19/ II | U29: 17.5 | V29: =ROUND(E29*U29,2) -> 35 | X29: Práce | AG29: POL1_9
C30: jáma pro kabelovou šachtu : | AG30: VV | AH30: 0
C31: 2,00 | E31: 2 | AG31: VV | AH31: 0
A32: 8 | B32: 460200283RT1 | C32: Výkop kabelové rýhy 50/100 cm hor.3 strojní výkop rýhy | D32: m | E32: 148 | F32: 117 | G32: =ROUND(E32*F32,2) -> 17316 | I32: =ROUND(E32*H32,2) -> 0 | K32: =ROUND(E32*J32,2) -> 0 | L32: 21 | M32: =G32*(1+L32/100) -> 20952.36 | N32: 0 | O32: =ROUND(E32*N32,2) -> 0 | P32: 0 | Q32: =ROUND(E32*P32,2) -> 0 | S32: RTS 19/ II | T32: RTS 19/ II | U32: 0.146 | V32: =ROUND(E32*U32,2) -> 21.61 | X32: Práce | AG32: POL1_9
C33: 18,00+85,00+45,00 | E33: 148 | AG33: VV | AH33: 0
A34: 9 | B34: 460420022RT3 | C34: Zřízení kabelového lože v rýze š. do 65 cm z písku lože tloušťky 20 cm | D34: m | E34: 148 | F34: 73 | G34: =ROUND(E34*F34,2) -> 10804 | I34: =ROUND(E34*H34,2) -> 0 | K34: =ROUND(E34*J34,2) -> 0 | L34: 21 | M34: =G34*(1+L34/100) -> 13072.84 | N34: 0.26486 | O34: =ROUND(E34*N34,2) -> 39.2 | P34: 0 | Q34: =ROUND(E34*P34,2) -> 0 | S34: RTS 19/ II | T34: RTS 19/ II | U34: 0.111 | V34: =ROUND(E34*U34,2) -> 16.43 | X34: Práce | AG34: POL1_9
C35: podsyp tl.100 mm a zásyp tl.100 mm : | AG35: VV | AH35: 0
C36: 18,00+85,00+45,00 | E36: 148 | AG36: VV | AH36: 0
A37: 10 | B37: 460490012RT1 | C37: Fólie výstražná z PVC, šířka 33 cm fólie PVC šířka 33 cm | D37: m | E37: 162.8 | F37: 13 | G37: =ROUND(E37*F37,2) -> 2116.4 | I37: =ROUND(E37*H37,2) -> 0 | K37: =ROUND(E37*J37,2) -> 0 | L37: 21 | M37: =G37*(1+L37/100) -> 2560.844 | N37: 0.00031 | O37: =ROUND(E37*N37,2) -> 0.05 | P37: 0 | Q37: =ROUND(E37*P37,2) -> 0 | S37: RTS 19/ II | T37: RTS 19/ II | U37: 0.026 | V37: =ROUND(E37*U37,2) -> 4.23 | X37: Práce | AG37: POL1_9
C38: výstražná fólie : | AG38: VV | AH38: 0
C39: Začátek provozního součtu | AG39: VV
C40: 18,00+85,00+45,00 | E40: 148 | AG40: VV | AH40: 2
C41: Konec provozního součtu | AG41: VV
C42: 148,00*1,10 | E42: 162.8 | AG42: VV | AH42: 0
A43: 11 | B43: 460570263R00 | C43: Zához rýhy 50/80 cm, hornina třídy 3, se zhutněním | D43: m | E43: 148 | F43: 89 | G43: =ROUND(E43*F43,2) -> 13172 | I43: =ROUND(E43*H43,2) -> 0 | K43: =ROUND(E43*J43,2) -> 0 | L43: 21 | M43: =G43*(1+L43/100) -> 15938.12 | N43: 0 | O43: =ROUND(E43*N43,2) -> 0 | P43: 0 | Q43: =ROUND(E43*P43,2) -> 0 | S43: RTS 19/ II | T43: RTS 19/ II | U43: 0.276 | V43: =ROUND(E43*U43,2) -> 40.85 | X43: Práce | AG43: POL1_9
C44: 18,00+85,00+45,00 | E44: 148 | AG44: VV | AH44: 0
AE45: 15 | AF45: 21 | AG45: DPH
B46: Celkem | G46: =G8+G11+G28 -> 213307.6 | AE46: =SUMIF(L7:L44,AE45,G7:G44) -> 0 | AF46: =SUMIF(L7:L44,AF45,G7:G44) -> 213307.6 | AG46: SUM
A49: Poznámky uchazeče k zadání
AG50: POPUZIV
AG56: END

Sheet SO 000 SO 000 Pol
A1: Položkový rozpočet | AG1: #TypZaznamu#
A2: S: | B2: 2409.2 | C2: Český technologický park Brno, zóna C - objekty D, E, F - infrastruktura | AG2: STA
A3: O: | B3: SO 000 | C3: HTÚ, Příprava území D+E+F | AC3: STA | AG3: OBJ
A4: R: | B4: SO 000 | C4: HTÚ, Příprava území D+E+F | AG4: ROZ
A6: P.č. | B6: Číslo položky | C6: Název položky | D6: MJ | E6: Množství | F6: Cena / MJ | G6: Celkem | H6: Dodávka | I6: Dodávka celk. | J6: Montáž | K6: Montáž celk. | L6: DPH | M6: Cena s DPH | N6: Hmotnost / MJ | O6: Hmotnost celk.(t) | P6: Dem. hmotnost / MJ | Q6: Dem. hmotnost celk.(t) | R6: Ceník | S6: Cen. soustava / platnost | T6: Cenová úroveň | U6: Nhod / MJ | V6: Nhod celk. | W6: Dodavatel | X6: Typ položky
A8: Díl: | B8: 1 | C8: Zemní práce | G8: =SUMIF(AG9:AG74,"<>NOR",G9:G74) -> 15305132 | I8: =SUM(I9:I74) -> 0 | K8: =SUM(K9:K74) -> 0 | M8: =SUM(M9:M74) -> 18519209 | O8: =SUM(O9:O74) -> 0 | Q8: =SUM(Q9:Q74) -> 0 | V8: =SUM(V9:V74) -> 6483.93 | AG8: DIL
A9: 1 | B9: 115101223R00 | C9: Čerpání vody na výšku 10 -25 m, přítok 1000-2000 l | D9: h | E9: 600 | F9: 1936 | G9: =ROUND(E9*F9,2) -> 1161600 | I9: =ROUND(E9*H9,2) -> 0 | K9: =ROUND(E9*J9,2) -> 0 | L9: 21 | M9: =G9*(1+L9/100) -> 1405536 | N9: 0 | O9: =ROUND(E9*N9,2) -> 0 | P9: 0 | Q9: =ROUND(E9*P9,2) -> 0 | S9: RTS 19/ II | T9: RTS 19/ II | U9: 0.605 | V9: =ROUND(E9*U9,2) -> 363 | X9: Práce | AG9: POL1_1
A10: 2 | B10: 115101303R00 | C10: Pohotovost čerp.soupravy, výška 10 m,přítok 2000 l | D10: den | E10: 200 | F10: 53 | G10: =ROUND(E10*F10,2) -> 10600 | I10: =ROUND(E10*H10,2) -> 0 | K10: =ROUND(E10*J10,2) -> 0 | L10: 21 | M10: =G10*(1+L10/100) -> 12826 | N10: 0 | O10: =ROUND(E10*N10,2) -> 0 | P10: 0 | Q10: =ROUND(E10*P10,2) -> 0 | S10: RTS 19/ II | T10: RTS 19/ II | U10: 0 | V10: =ROUND(E10*U10,2) -> 0 | X10: Práce | AG10: POL1_1
A11: 3 | B11: 121101103R00 | C11: Sejmutí ornice s přemístěním přes 100 do 250 m | D11: m3 | E11: 2337 | F11: 133 | G11: =ROUND(E11*F11,2) -> 310821 | I11: =ROUND(E11*H11,2) -> 0 | K11: =ROUND(E11*J11,2) -> 0 | L11: 21 | M11: =G11*(1+L11/100) -> 376093.41 | N11: 0 | O11: =ROUND(E11*N11,2) -> 0 | P11: 0 | Q11: =ROUND(E11*P11,2) -> 0 | S11: RTS 19/ II | T11: RTS 19/ II | U11: 0.0134 | V11: =ROUND(E11*U11,2) -> 31.32 | X11: Práce | AG11: POL1_1
C12: skrývka ornice tl.200 mm : | AG12: VV | AH12: 0
C13: 123,00*95,00*0,20 | E13: 2337 | AG13: VV | AH13: 0
A14: 4 | B14: 131201114R00 | C14: Hloubení nezapaž. jam hor.3 nad 10000m3, STROJNĚ | D14: m3 | E14: 20747.18 | F14: 42 | G14: =ROUND(E14*F14,2) -> 871381.56 | I14: =ROUND(E14*H14,2) -> 0 | K14: =ROUND(E14*J14,2) -> 0 | L14: 21 | M14: =G14*(1+L14/100) -> 1054371.7 | N14: 0 | O14: =ROUND(E14*N14,2) -> 0 | P14: 0 | Q14: =ROUND(E14*P14,2) -> 0 | S14: RTS 19/ II | T14: RTS 19/ II | U14: 0.1 | V14: =ROUND(E14*U14,2) -> 2074.72 | X14: Práce | AG14: POL1_1
C15: hrubé terénní úpravy pro objekt D : | AG15: VV | AH15: 0
C16: 63,00*50,30*6,20 | E16: 19647.18 | AG16: VV | AH16: 0
C17: 1100,00 | E17: 1100 | AG17: VV | AH17: 0
A18: 5 | B18: 132201112R00 | C18: Hloubení rýh š.do 60 cm v hor.3 nad 100 m3,STROJNĚ | D18: m3 | E18: 47.412 | F18: 420 | G18: =ROUND(E18*F18,2) -> 19913.04 | I18: =ROUND(E18*H18,2) -> 0 | K18: =ROUND(E18*J18,2) -> 0 | L18: 21 | M18: =G18*(1+L18/100) -> 24094.778 | N18: 0 | O18: =ROUND(E18*N18,2) -> 0 | P18: 0 | Q18: =ROUND(E18*P18,2) -> 0 | S18: RTS 19/ II | T18: RTS 19/ II | U18: 0.28 | V18: =ROUND(E18*U18,2) -> 13.28 | X18: Práce | AG18: POL1_1
C19: odvodňovací rýhy : | AG19: VV | AH19: 0
C20: (13,00+14,30+39,85+22,00+12,10+22,00+54,30+20,00)*0,40*0,60 | E20: 47.41 | AG20: VV | AH20: 0
A21: 6 | B21: 161101104R00 | C21: Svislé přemístění výkopku z hor.1-4 do 8,0 m | D21: m3 | E21: 4158.9184 | F21: 85 | G21: =ROUND(E21*F21,2) -> 353508.06 | I21: =ROUND(E21*H21,2) -> 0 | K21: =ROUND(E21*J21,2) -> 0 | L21: 21 | M21: =G21*(1+L21/100) -> 427744.75 | N21: 0 | O21: =ROUND(E21*N21,2) -> 0 | P21: 0 | Q21: =ROUND(E21*P21,2) -> 0 | S21: RTS 19/ II | T21: RTS 19/ II | U21: 0.831 | V21: =ROUND(E21*U21,2) -> 3456.06 | X21: Práce | AG21: POL1_0
C22: hrubé terénní úpravy pro objekt D : | AG22: VV | AH22: 0
C23: Začátek provozního součtu | AG23: VV
C24: 63,00*50,30*6,20 | E24: 19647.18 | AG24: VV | AH24: 2
C25: 1100,00 | E25: 1100 | AG25: VV | AH25: 2
C26: Konec provozního součtu | AG26: VV
C27: 20747,18*0,20 | E27: 4149.44 | AG27: VV | AH27: 0
C28: odvodňovací rýhy : | AG28: VV | AH28: 0
C29: Začátek provozního součtu | AG29: VV
C30: (13,00+14,30+39,85+22,00+12,10+22,00+54,30+20,00)*0,40*0,60 | E30: 47.41 | AG30: VV | AH30: 2
C31: Konec provozního součtu | AG31: VV
C32: 47,4120*0,20 | E32: 9.48 | AG32: VV | AH32: 0
A33: 7 | B33: 162701105R00 | C33: Vodorovné přemístění výkopku z hor.1-4 do 10000 m | D33: m3 | E33: 21963.092 | F33: 159 | G33: =ROUND(E33*F33,2) -> 3492131.6 | I33: =ROUND(E33*H33,2) -> 0 | K33: =ROUND(E33*J33,2) -> 0 | L33: 21 | M33: =G33*(1+L33/100) -> 4225479.3 | N33: 0 | O33: =ROUND(E33*N33,2) -> 0 | P33: 0 | Q33: =ROUND(E33*P33,2) -> 0 | S33: RTS 19/ II | T33: RTS 19/ II | U33: 0.011 | V33: =ROUND(E33*U33,2) -> 241.59 | X33: Práce | AG33: POL1_1
C34: skrývka ornice tl.200 mm - polovinu odvést : | AG34: VV | AH34: 0
C35: (123,00*95,00*0,20)/2 | E35: 1168.5 | AG35: VV | AH35: 0
C36: hrubé terénní úpravy pro objekt D - celý objem odvést : | AG36: VV | AH36: 0
C37: 63,00*50,30*6,20 | E37: 19647.18 | AG37: VV | AH37: 0
C38: 1100,00 | E38: 1100 | AG38: VV | AH38: 0
C39: odvodňovací rýhy : | AG39: VV | AH39: 0
C40: (13,00+14,30+39,85+22,00+12,10+22,00+54,30+20,00)*0,40*0,60 | E40: 47.41 | AG40: VV | AH40: 0
A41: 8 | B41: 171201201R00 | C41: Uložení sypaniny na skl.-modelace na výšku přes 2m | D41: m3 | E41: 21963.092 | F41: 11 | G41: =ROUND(E41*F41,2) -> 241594.01 | I41: =ROUND(E41*H41,2) -> 0 | K41: =ROUND(E41*J41,2) -> 0 | L41: 21 | M41: =G41*(1+L41/100) -> 292328.75 | N41: 0 | O41: =ROUND(E41*N41,2) -> 0 | P41: 0 | Q41: =ROUND(E41*P41,2) -> 0 | S41: RTS 19/ II | T41: RTS 19/ II | U41: 0.009 | V41: =ROUND(E41*U41,2) -> 197.67 | X41: Práce | AG41: POL1_1
C42: skrývka ornice tl.200 mm - polovinu odvést : | AG42: VV | AH42: 0
C43: (123,00*95,00*0,20)/2 | E43: 1168.5 | AG43: VV | AH43: 0
C44: hrubé terénní úpravy pro objekt D - celý objem odvést : | AG44: VV | AH44: 0
C45: 63,00*50,30*6,20 | E45: 19647.18 | AG45: VV | AH45: 0
C46: 1100,00 | E46: 1100 | AG46: VV | AH46: 0
C47: odvodňovací rýhy : | AG47: VV | AH47: 0
C48: (13,00+14,30+39,85+22,00+12,10+22,00+54,30+20,00)*0,40*0,60 | E48: 47.41 | AG48: VV | AH48: 0
A49: 9 | B49: 181101102R00 | C49: Úprava pláně v zářezech v hor. 1-4, se zhutněním | D49: m2 | E49: 5905 | F49: 51 | G49: =ROUND(E49*F49,2) -> 301155 | I49: =ROUND(E49*H49,2) -> 0 | K49: =ROUND(E49*J49,2) -> 0 | L49: 21 | M49: =G49*(1+L49/100) -> 364397.55 | N49: 0 | O49: =ROUND(E49*N49,2) -> 0 | P49: 0 | Q49: =ROUND(E49*P49,2) -> 0 | S49: RTS 19/ II | T49: RTS 19/ II | U49: 0.018 | V49: =ROUND(E49*U49,2) -> 106.29 | X49: Práce | AG49: POL1_1
C50: příprava provizorních zpevněných ploch : | AG50: VV | AH50: 0
C51: staveništní komunikace : | AG51: VV | AH51: 0
C52: 1015,00 | E52: 1015 | AG52: VV | AH52: 0
C53: skladovací plocha : | AG53: VV | AH53: 0
C54: 2390,00 | E54: 2390 | AG54: VV | AH54: 0
C55: úprava pláně po vykopaném suterénu : | AG55: VV | AH55: 0
C56: 2500,00 | E56: 2500 | AG56: VV | AH56: 0
A57: 10 | B57: 199000001R00 | C57: Poplatek za skládku - ornice | D57: m3 | E57: 1168.5 | F57: 210 | G57: =ROUND(E57*F57,2) -> 245385 | I57: =ROUND(E57*H57,2) -> 0 | K57: =ROUND(E57*J57,2) -> 0 | L57: 21 | M57: =G57*(1+L57/100) -> 296915.85 | N57: 0 | O57: =ROUND(E57*N57,2) -> 0 | P57: 0 | Q57: =ROUND(E57*P57,2) -> 0 | S57: RTS 19/ II | T57: RTS 19/ II | U57: 0 | V57: =ROUND(E57*U57,2) -> 0 | X57: Práce | AG57: POL1_1
C58: skrývka ornice tl.200 mm - polovinu odvést : | AG58: VV | AH58: 0
C59: Začátek provozního součtu | AG59: VV
C60: 123,00*95,00*0,20 | E60: 2337 | AG60: VV | AH60: 2
C61: Konec provozního součtu | AG61: VV
C62: 2337,00/2 | E62: 1168.5 | AG62: VV | AH62: 0
A63: 11 | B63: 199000005R00 | C63: Poplatek za skládku zeminy 1- 4 | D63: t | E63: 39509.725 | F63: 210 | G63: =ROUND(E63*F63,2) -> 8297042.2 | I63: =ROUND(E63*H63,2) -> 0 | K63: =ROUND(E63*J63,2) -> 0 | L63: 21 | M63: =G63*(1+L63/100) -> 10039421 | N63: 0 | O63: =ROUND(E63*N63,2) -> 0 | P63: 0 | Q63: =ROUND(E63*P63,2) -> 0 | S63: RTS 19/ II | T63: RTS 19/ II | U63: 0 | V63: =ROUND(E63*U63,2) -> 0 | X63: Práce | AG63: POL1_1
C64: hrubé terénní úpravy pro objekt D - celý objem odvést : | AG64: VV | AH64: 0
C65: Začátek provozního součtu | AG65: VV
C66: 63,00*50,30*6,20 | E66: 19647.18 | AG66: VV | AH66: 2
C67: 1100,00 | E67: 1100 | AG67: VV | AH67: 2
C68: Konec provozního součtu | AG68: VV
C69: 20747,18*1,90 | E69: 39419.64 | AG69: VV | AH69: 0
C70: odvodňovací rýhy : | AG70: VV | AH70: 0
C71: Začátek provozního součtu | AG71: VV
C72: (13,00+14,30+39,85+22,00+12,10+22,00+54,30+20,00)*0,40*0,60 | E72: 47.41 | AG72: VV | AH72: 2
C73: Konec provozního součtu | AG73: VV
C74: 47,4120*1,90 | E74: 90.08 | AG74: VV | AH74: 0
A75: Díl: | B75: 181 | C75: Sadové úpravy | G75: =SUMIF(AG76:AG87,"<>NOR",G76:G87) -> 180951.2 | I75: =SUM(I76:I87) -> 0 | K75: =SUM(K76:K87) -> 0 | M75: =SUM(M76:M87) -> 218950.95 | O75: =SUM(O76:O87) -> 0 | Q75: =SUM(Q76:Q87) -> 0 | V75: =SUM(V76:V87) -> 0 | AG75: DIL
A76: 12 | B76: 111-001 | C76: Odstranění nevhodných dřevin výšky nad 1 m s odstraněním pařezu | D76: m2 | E76: 2685 | F76: 18 | G76: =ROUND(E76*F76,2) -> 48330 | I76: =ROUND(E76*H76,2) -> 0 | K76: =ROUND(E76*J76,2) -> 0 | L76: 21 | M76: =G76*(1+L76/100) -> 58479.3 | N76: 0 | O76: =ROUND(E76*N76,2) -> 0 | P76: 0 | Q76: =ROUND(E76*P76,2) -> 0 | S76: Vlastní | T76: Indiv | U76: 0 | V76: =ROUND(E76*U76,2) -> 0 | X76: Práce | AG76: POL1_1
A77: 13 | B77: 111-002 | C77: Pokácení stromu směrové o pr.kmene do 200 mm | D77: kus | E77: 66 | F77: 389 | G77: =ROUND(E77*F77,2) -> 25674 | I77: =ROUND(E77*H77,2) -> 0 | K77: =ROUND(E77*J77,2) -> 0 | L77: 21 | M77: =G77*(1+L77/100) -> 31065.54 | N77: 0 | O77: =ROUND(E77*N77,2) -> 0 | P77: 0 | Q77: =ROUND(E77*P77,2) -> 0 | S77: Vlastní | T77: Indiv | U77: 0 | V77: =ROUND(E77*U77,2) -> 0 | X77: Práce | AG77: POL1_1
A78: 14 | B78: 111-003 | C78: Pokácení stromu směrové o pr.kmene přes 200 do 300 mm | D78: kus | E78: 34 | F78: 464 | G78: =ROUND(E78*F78,2) -> 15776 | I78: =ROUND(E78*H78,2) -> 0 | K78: =ROUND(E78*J78,2) -> 0 | L78: 21 | M78: =G78*(1+L78/100) -> 19088.96 | N78: 0 | O78: =ROUND(E78*N78,2) -> 0 | P78: 0 | Q78: =ROUND(E78*P78,2) -> 0 | S78: Vlastní | T78: Indiv | U78: 0 | V78: =ROUND(E78*U78,2) -> 0 | X78: Práce | AG78: POL1_1
A79: 15 | B79: 111-004 | C79: Pokácení stromu směrové o pr.kmene přes 300 do 400 mm | D79: kus | E79: 7 | F79: 799 | G79: =ROUND(E79*F79,2) -> 5593 | I79: =ROUND(E79*H79,2) -> 0 | K79: =ROUND(E79*J79,2) -> 0 | L79: 21 | M79: =G79*(1+L79/100) -> 6767.53 | N79: 0 | O79: =ROUND(E79*N79,2) -> 0 | P79: 0 | Q79: =ROUND(E79*P79,2) -> 0 | S79: Vlastní | T79: Indiv | U79: 0 | V79: =ROUND(E79*U79,2) -> 0 | X79: Práce | AG79: POL1_1
A80: 16 | B80: 111-005 | C80: Pokácení stromu směrové o pr.kmene přes 400 do 500 mm | D80: kus | E80: 2 | F80: 961 | G80: =ROUND(E80*F80,2) -> 1922 | I80: =ROUND(E80*H80,2) -> 0 | K80: =ROUND(E80*J80,2) -> 0 | L80: 21 | M80: =G80*(1+L80/100) -> 2325.62 | N80: 0 | O80: =ROUND(E80*N80,2) -> 0 | P80: 0 | Q80: =ROUND(E80*P80,2) -> 0 | S80: Vlastní | T80: Indiv | U80: 0 | V80: =ROUND(E80*U80,2) -> 0 | X80: Práce | AG80: POL1_1
A81: 17 | B81: 111-006 | C81: Pokácení stromu směrové o pr.kmene přes 500 do 600 mm | D81: kus | E81: 1 | F81: 1328 | G81: =ROUND(E81*F81,2) -> 1328 | I81: =ROUND(E81*H81,2) -> 0 | K81: =ROUND(E81*J81,2) -> 0 | L81: 21 | M81: =G81*(1+L81/100) -> 1606.88 | N81: 0 | O81: =ROUND(E81*N81,2) -> 0 | P81: 0 | Q81: =ROUND(E81*P81,2) -> 0 | S81: Vlastní | T81: Indiv | U81: 0 | V81: =ROUND(E81*U81,2) -> 0 | X81: Práce | AG81: POL1_1
A82: 18 | B82: 111-007 | C82: Odstranění pařezu o prům. do 200 mm | D82: kus | E82: 33 | F82: 464 | G82: =ROUND(E82*F82,2) -> 15312 | I82: =ROUND(E82*H82,2) -> 0 | K82: =ROUND(E82*J82,2) -> 0 | L82: 21 | M82: =G82*(1+L82/100) -> 18527.52 | N82: 0 | O82: =ROUND(E82*N82,2) -> 0 | P82: 0 | Q82: =ROUND(E82*P82,2) -> 0 | S82: Vlastní | T82: Indiv | U82: 0 | V82: =ROUND(E82*U82,2) -> 0 | X82: Práce | AG82: POL1_1
A83: 19 | B83: 111-008 | C83: Odstranění pařezu o prům. přes 200 do 300 mm | D83: kus | E83: 14 | F83: 702 | G83: =ROUND(E83*F83,2) -> 9828 | I83: =ROUND(E83*H83,2) -> 0 | K83: =ROUND(E83*J83,2) -> 0 | L83: 21 | M83: =G83*(1+L83/100) -> 11891.88 | N83: 0 | O83: =ROUND(E83*N83,2) -> 0 | P83: 0 | Q83: =ROUND(E83*P83,2) -> 0 | S83: Vlastní | T83: Indiv | U83: 0 | V83: =ROUND(E83*U83,2) -> 0 | X83: Práce | AG83: POL1_1
A84: 20 | B84: 111-009 | C84: Odstranění pařezu o prům. přes 300 do 400 mm | D84: kus | E84: 3 | F84: 961 | G84: =ROUND(E84*F84,2) -> 2883 | I84: =ROUND(E84*H84,2) -> 0 | K84: =ROUND(E84*J84,2) -> 0 | L84: 21 | M84: =G84*(1+L84/100) -> 3488.43 | N84: 0 | O84: =ROUND(E84*N84,2) -> 0 | P84: 0 | Q84: =ROUND(E84*P84,2) -> 0 | S84: Vlastní | T84: Indiv | U84: 0 | V84: =ROUND(E84*U84,2) -> 0 | X84: Práce | AG84: POL1_1
A85: 21 | B85: 111-010 | C85: Drcení ořezaných větví strojně (štěpkování) | D85: m3 | E85: 94 | F85: 313 | G85: =ROUND(E85*F85,2) -> 29422 | I85: =ROUND(E85*H85,2) -> 0 | K85: =ROUND(E85*J85,2) -> 0 | L85: 21 | M85: =G85*(1+L85/100) -> 35600.62 | N85: 0 | O85: =ROUND(E85*N85,2) -> 0 | P85: 0 | Q85: =ROUND(E85*P85,2) -> 0 | S85: Vlastní | T85: Indiv | U85: 0 | V85: =ROUND(E85*U85,2) -> 0 | X85: Práce | AG85: POL1_1
A86: 22 | B86: 998-001 | C86: Štěpka | D86: t | E86: 57 | F86: 324 | G86: =ROUND(E86*F86,2) -> 18468 | I86: =ROUND(E86*H86,2) -> 0 | K86: =ROUND(E86*J86,2) -> 0 | L86: 21 | M86: =G86*(1+L86/100) -> 22346.28 | N86: 0 | O86: =ROUND(E86*N86,2) -> 0 | P86: 0 | Q86: =ROUND(E86*P86,2) -> 0 | S86: Vlastní | T86: Indiv | U86: 0 | V86: =ROUND(E86*U86,2) -> 0 | X86: Práce | AG86: POL1_1
A87: 23 | B87: 998-002 | C87: Dřevní hmota | D87: t | E87: 9.9 | F87: 648 | G87: =ROUND(E87*F87,2) -> 6415.2 | I87: =ROUND(E87*H87,2) -> 0 | K87: =ROUND(E87*J87,2) -> 0 | L87: 21 | M87: =G87*(1+L87/100) -> 7762.392 | N87: 0 | O87: =ROUND(E87*N87,2) -> 0 | P87: 0 | Q87: =ROUND(E87*P87,2) -> 0 | S87: Vlastní | T87: Indiv | U87: 0 | V87: =ROUND(E87*U87,2) -> 0 | X87: Práce | AG87: POL1_1
A88: Díl: | B88: 2 | C88: Základy a zvláštní zakládání | G88: =SUMIF(AG89:AG92,"<>NOR",G89:G92) -> 598650 | I88: =SUM(I89:I92) -> 0 | K88: =SUM(K89:K92) -> 0 | M88: =SUM(M89:M92) -> 724366.5 | O88: =SUM(O89:O92) -> 1158.07 | Q88: =SUM(Q89:Q92) -> 0 | V88: =SUM(V89:V92) -> 705.25 | AG88: DIL
A89: 24 | B89: 271531113R00 | C89: Polštář základu z kameniva hr. drceného 16-32 mm | D89: m3 | E89: 650 | F89: 921 | G89: =ROUND(E89*F89,2) -> 598650 | I89: =ROUND(E89*H89,2) -> 0 | K89: =ROUND(E89*J89,2) -> 0 | L89: 21 | M89: =G89*(1+L89/100) -> 724366.5 | N89: 1.78164 | O89: =ROUND(E89*N89,2) -> 1158.07 | P89: 0 | Q89: =ROUND(E89*P89,2) -> 0 | S89: RTS 19/ II | T89: RTS 19/ II | U89: 1.085 | V89: =ROUND(E89*U89,2) -> 705.25 | X89: Práce | AG89: POL1_1
C90: hutněný štěrkový podsyp frakce 0-32 mm pod objektem D v tl.200 mm : | AG90: VV | AH90: 0
C91: pro pilotáž budovy D : | AG91: VV | AH91: 0
C92: 650,00 | E92: 650 | AG92: VV | AH92: 0
A93: Díl: | B93: 5 | C93: Komunikace | G93: =SUMIF(AG94:AG99,"<>NOR",G94:G99) -> 323475 | I93: =SUM(I94:I99) -> 0 | K93: =SUM(K94:K99) -> 0 | M93: =SUM(M94:M99) -> 391404.75 | O93: =SUM(O94:O99) -> 2067.55 | Q93: =SUM(Q94:Q99) -> 0 | V93: =SUM(V94:V99) -> 78.32 | AG93: DIL
A94: 25 | B94: 564281111R00 | C94: Podklad ze štěrkopísku po zhutnění tloušťky 30 cm | D94: m2 | E94: 3405 | F94: 95 | G94: =ROUND(E94*F94,2) -> 323475 | I94: =ROUND(E94*H94,2) -> 0 | K94: =ROUND(E94*J94,2) -> 0 | L94: 21 | M94: =G94*(1+L94/100) -> 391404.75 | N94: 0.60721 | O94: =ROUND(E94*N94,2) -> 2067.55 | P94: 0 | Q94: =ROUND(E94*P94,2) -> 0 | S94: RTS 19/ II | T94: RTS 19/ II | U94: 0.023 | V94: =ROUND(E94*U94,2) -> 78.32 | X94: Práce | AG94: POL1_1
C95: zpevnění provizorních zpevněných ploch štěrkem : | AG95: VV | AH95: 0
C96: staveništní komunikace : | AG96: VV | AH96: 0
C97: 1015,00 | E97: 1015 | AG97: VV | AH97: 0
C98: skladovací plocha : | AG98: VV | AH98: 0
C99: 2390,00 | E99: 2390 | AG99: VV | AH99: 0
A100: Díl: | B100: 89 | C100: Ostatní konstrukce na trubním vedení | G100: =SUMIF(AG101:AG101,"<>NOR",G101:G101) -> 12096 | I100: =SUM(I101:I101) -> 0 | K100: =SUM(K101:K101) -> 0 | M100: =SUM(M101:M101) -> 14636.16 | O100: =SUM(O101:O101) -> 0 | Q100: =SUM(Q101:Q101) -> 0 | V100: =SUM(V101:V101) -> 0 | AG100: DIL
A101: 26 | B101: 890-001 | C101: D+M odčerpávací studna (skruž DN 1000 mm) | D101: kus | E101: 4 | F101: 3024 | G101: =ROUND(E101*F101,2) -> 12096 | I101: =ROUND(E101*H101,2) -> 0 | K101: =ROUND(E101*J101,2) -> 0 | L101: 21 | M101: =G101*(1+L101/100) -> 14636.16 | N101: 0 | O101: =ROUND(E101*N101,2) -> 0 | P101: 0 | Q101: =ROUND(E101*P101,2) -> 0 | S101: Vlastní | T101: Indiv | U101: 0 | V101: =ROUND(E101*U101,2) -> 0 | X101: Práce | AG101: POL1_1
A102: Díl: | B102: 90 | C102: Oploceni | G102: =SUMIF(AG103:AG105,"<>NOR",G103:G105) -> 14793.75 | I102: =SUM(I103:I105) -> 0 | K102: =SUM(K103:K105) -> 0 | M102: =SUM(M103:M105) -> 17900.438 | O102: =SUM(O103:O105) -> 0 | Q102: =SUM(Q103:Q105) -> 6.58 | V102: =SUM(V103:V105) -> 0 | AG102: DIL
...

Sheet SO 600 SO 600 Pol
A1: Položkový rozpočet | AG1: #TypZaznamu#
A2: S: | B2: 2409.2 | C2: Český technologický park Brno, zóna C - objekty D, E, F - infrastruktura | AG2: STA
A3: O: | B3: SO 600 | C3: Vodovodní řad | AC3: STA | AG3: OBJ
A4: R: | B4: SO 600 | C4: Vodovodní řad | AG4: ROZ
A6: P.č. | B6: Číslo položky | C6: Název položky | D6: MJ | E6: Množství | F6: Cena / MJ | G6: Celkem | H6: Dodávka | I6: Dodávka celk. | J6: Montáž | K6: Montáž celk. | L6: DPH | M6: Cena s DPH | N6: Hmotnost / MJ | O6: Hmotnost celk.(t) | P6: Dem. hmotnost / MJ | Q6: Dem. hmotnost celk.(t) | R6: Ceník | S6: Cen. soustava / platnost | T6: Cenová úroveň | U6: Nhod / MJ | V6: Nhod celk. | W6: Dodavatel | X6: Typ položky
A8: Díl: | B8: 1 | C8: Zemní práce | G8: =SUMIF(AG9:AG57,"<>NOR",G9:G57) -> 449867.29 | I8: =SUM(I9:I57) -> 0 | K8: =SUM(K9:K57) -> 0 | M8: =SUM(M9:M57) -> 544339.42 | O8: =SUM(O9:O57) -> 202.9 | Q8: =SUM(Q9:Q57) -> 0 | V8: =SUM(V9:V57) -> 1015.68 | AG8: DIL
A9: 1 | B9: 132201219R00 | C9: Přípl.za lepivost,hloubení rýh 200cm,hor.3,STROJNĚ | D9: m3 | E9: 273.0249 | F9: 26 | G9: =ROUND(E9*F9,2) -> 7098.65 | I9: =ROUND(E9*H9,2) -> 0 | K9: =ROUND(E9*J9,2) -> 0 | L9: 21 | M9: =G9*(1+L9/100) -> 8589.3665 | N9: 0 | O9: =ROUND(E9*N9,2) -> 0 | P9: 0 | Q9: =ROUND(E9*P9,2) -> 0 | S9: RTS 19/ II | T9: RTS 19/ II | U9: 0.084 | V9: =ROUND(E9*U9,2) -> 22.93 | X9: Práce | AG9: POL1_1
C10: vodovodní řad V : | AG10: VV | AH10: 0
C11: Začátek provozního součtu | AG11: VV
C12: 215,83*1,10*2,30 | E12: 546.0499 | AG12: VV | AH12: 2
C13: Konec provozního součtu | AG13: VV
C14: 546,0499/2 | E14: 273.02495 | AG14: VV | AH14: 0
A15: 2 | B15: 132201211R00 | C15: Hloubení rýh š.do 200 cm hor.3 do 100 m3,STROJNĚ | D15: m3 | E15: 546.0499 | F15: 160 | G15: =ROUND(E15*F15,2) -> 87367.98 | I15: =ROUND(E15*H15,2) -> 0 | K15: =ROUND(E15*J15,2) -> 0 | L15: 21 | M15: =G15*(1+L15/100) -> 105715.26 | N15: 0 | O15: =ROUND(E15*N15,2) -> 0 | P15: 0 | Q15: =ROUND(E15*P15,2) -> 0 | S15: RTS 19/ II | T15: RTS 19/ II | U15: 0.222 | V15: =ROUND(E15*U15,2) -> 121.22 | X15: Práce | AG15: POL1_1
C16: vodovodní řad V2 : | AG16: VV | AH16: 0
C17: 215,83*1,10*2,30 | E17: 546.05 | AG17: VV | AH17: 0
A18: 3 | B18: 151101101R00 | C18: Pažení a rozepření stěn rýh - příložné - hl. do 2m | D18: m2 | E18: 992.818 | F18: 86 | G18: =ROUND(E18*F18,2) -> 85382.35 | I18: =ROUND(E18*H18,2) -> 0 | K18: =ROUND(E18*J18,2) -> 0 | L18: 21 | M18: =G18*(1+L18/100) -> 103312.64 | N18: 0.00099 | O18: =ROUND(E18*N18,2) -> 0.98 | P18: 0 | Q18: =ROUND(E18*P18,2) -> 0 | S18: RTS 19/ II | T18: RTS 19/ II | U18: 0.236 | V18: =ROUND(E18*U18,2) -> 234.31 | X18: Práce | AG18: POL1_1
C19: vodovodní řad V : | AG19: VV | AH19: 0
C20: (215,83*2,30)*2 | E20: 992.82 | AG20: VV | AH20: 0
A21: 4 | B21: 151101111R00 | C21: Odstranění pažení stěn rýh - příložné - hl. do 2 m | D21: m2 | E21: 992.818 | F21: 43 | G21: =ROUND(E21*F21,2) -> 42691.17 | I21: =ROUND(E21*H21,2) -> 0 | K21: =ROUND(E21*J21,2) -> 0 | L21: 21 | M21: =G21*(1+L21/100) -> 51656.316 | N21: 0 | O21: =ROUND(E21*N21,2) -> 0 | P21: 0 | Q21: =ROUND(E21*P21,2) -> 0 | S21: RTS 19/ II | T21: RTS 19/ II | U21: 0.07 | V21: =ROUND(E21*U21,2) -> 69.5 | X21: Práce | AG21: POL1_1
C22: vodovodní řad V : | AG22: VV | AH22: 0
C23: (215,83*2,30)*2 | E23: 992.82 | AG23: VV | AH23: 0
A24: 5 | B24: 151401501R00 | C24: Přepažení rozepření - příložné - hl. do 4 m | D24: m3 | E24: 546.0499 | F24: 70 | G24: =ROUND(E24*F24,2) -> 38223.49 | I24: =ROUND(E24*H24,2) -> 0 | K24: =ROUND(E24*J24,2) -> 0 | L24: 21 | M24: =G24*(1+L24/100) -> 46250.423 | N24: 0 | O24: =ROUND(E24*N24,2) -> 0 | P24: 0 | Q24: =ROUND(E24*P24,2) -> 0 | S24: RTS 19/ II | T24: RTS 19/ II | U24: 0.039 | V24: =ROUND(E24*U24,2) -> 21.3 | X24: Práce | AG24: POL1_1
C25: vodovodní řad V2 : | AG25: VV | AH25: 0
C26: 215,83*1,10*2,30 | E26: 546.05 | AG26: VV | AH26: 0
A27: 6 | B27: 161101102R00 | C27: Svislé přemístění výkopku z hor.1-4 do 4,0 m | D27: m3 | E27: 546.0499 | F27: 17 | G27: =ROUND(E27*F27,2) -> 9282.85 | I27: =ROUND(E27*H27,2) -> 0 | K27: =ROUND(E27*J27,2) -> 0 | L27: 21 | M27: =G27*(1+L27/100) -> 11232.248 | N27: 0 | O27: =ROUND(E27*N27,2) -> 0 | P27: 0 | Q27: =ROUND(E27*P27,2) -> 0 | S27: RTS 19/ II | T27: RTS 19/ II | U27: 0.519 | V27: =ROUND(E27*U27,2) -> 283.4 | X27: Práce | AG27: POL1_0
C28: vodovodní řad V2 : | AG28: VV | AH28: 0
C29: 215,83*1,10*2,30 | E29: 546.05 | AG29: VV | AH29: 0
A30: 7 | B30: 162701105R00 | C30: Vodorovné přemístění výkopku z hor.1-4 do 10000 m | D30: m3 | E30: 130.5772 | F30: 159 | G30: =ROUND(E30*F30,2) -> 20761.77 | I30: =ROUND(E30*H30,2) -> 0 | K30: =ROUND(E30*J30,2) -> 0 | L30: 21 | M30: =G30*(1+L30/100) -> 25121.742 | N30: 0 | O30: =ROUND(E30*N30,2) -> 0 | P30: 0 | Q30: =ROUND(E30*P30,2) -> 0 | S30: RTS 19/ II | T30: RTS 19/ II | U30: 0.011 | V30: =ROUND(E30*U30,2) -> 1.44 | X30: Práce | AG30: POL1_1
C31: odvoz přebytečné zeminy na skládku : | AG31: VV | AH31: 0
C32: 215,83*1,10*0,55 | E32: 130.58 | AG32: VV | AH32: 0
A33: 8 | B33: 167101102R00 | C33: Nakládání výkopku z hor.1-4 v množství nad 100 m3 | D33: m3 | E33: 130.5772 | F33: 70 | G33: =ROUND(E33*F33,2) -> 9140.4 | I33: =ROUND(E33*H33,2) -> 0 | K33: =ROUND(E33*J33,2) -> 0 | L33: 21 | M33: =G33*(1+L33/100) -> 11059.884 | N33: 0 | O33: =ROUND(E33*N33,2) -> 0 | P33: 0 | Q33: =ROUND(E33*P33,2) -> 0 | S33: RTS 19/ II | T33: RTS 19/ II | U33: 0.053 | V33: =ROUND(E33*U33,2) -> 6.92 | X33: Práce | AG33: POL1_1
C34: odvoz přebytečné zeminy na skládku : | AG34: VV | AH34: 0
C35: 215,83*1,10*0,55 | E35: 130.58 | AG35: VV | AH35: 0
A36: 9 | B36: 171201201R00 | C36: Uložení sypaniny na skl.-modelace na výšku přes 2m | D36: m3 | E36: 130.5772 | F36: 11 | G36: =ROUND(E36*F36,2) -> 1436.35 | I36: =ROUND(E36*H36,2) -> 0 | K36: =ROUND(E36*J36,2) -> 0 | L36: 21 | M36: =G36*(1+L36/100) -> 1737.9835 | N36: 0 | O36: =ROUND(E36*N36,2) -> 0 | P36: 0 | Q36: =ROUND(E36*P36,2) -> 0 | S36: RTS 19/ II | T36: RTS 19/ II | U36: 0.009 | V36: =ROUND(E36*U36,2) -> 1.18 | X36: Práce | AG36: POL1_1
C37: odvoz přebytečné zeminy na skládku : | AG37: VV | AH37: 0
C38: 215,83*1,10*0,55 | E38: 130.58 | AG38: VV | AH38: 0
A39: 10 | B39: 174101101R00 | C39: Zásyp jam, rýh, šachet se zhutněním | D39: m3 | E39: 415.4727 | F39: 171 | G39: =ROUND(E39*F39,2) -> 71045.83 | I39: =ROUND(E39*H39,2) -> 0 | K39: =ROUND(E39*J39,2) -> 0 | L39: 21 | M39: =G39*(1+L39/100) -> 85965.454 | N39: 0 | O39: =ROUND(E39*N39,2) -> 0 | P39: 0 | Q39: =ROUND(E39*P39,2) -> 0 | S39: RTS 19/ II | T39: RTS 19/ II | U39: 0.202 | V39: =ROUND(E39*U39,2) -> 83.93 | X39: Práce | AG39: POL1_1
C40: vodovodní řad V2 : | AG40: VV | AH40: 0
C41: zásyp zbylého výkopu vykopanou zeminou : | AG41: VV | AH41: 0
C42: 215,83*1,10*(2,30-0,55) | E42: 415.47 | AG42: VV | AH42: 0
A43: 11 | B43: 175101101R00 | C43: Obsyp potrubí bez prohození sypaniny | D43: m3 | E43: 106.8359 | F43: 171 | G43: =ROUND(E43*F43,2) -> 18268.94 | I43: =ROUND(E43*H43,2) -> 0 | K43: =ROUND(E43*J43,2) -> 0 | L43: 21 | M43: =G43*(1+L43/100) -> 22105.417 | N43: 0 | O43: =ROUND(E43*N43,2) -> 0 | P43: 0 | Q43: =ROUND(E43*P43,2) -> 0 | S43: RTS 19/ II | T43: RTS 19/ II | U43: 1.587 | V43: =ROUND(E43*U43,2) -> 169.55 | X43: Práce | AG43: POL1_1
C44: vodovodní řad V2 : | AG44: VV | AH44: 0
C45: 215,83*1,10*0,45 | E45: 106.84 | AG45: VV | AH45: 0
A46: 12 | B46: 199000005R00 | C46: Poplatek za skládku zeminy 1- 4 | D46: t | E46: 248.0967 | F46: 210 | G46: =ROUND(E46*F46,2) -> 52100.31 | I46: =ROUND(E46*H46,2) -> 0 | K46: =ROUND(E46*J46,2) -> 0 | L46: 21 | M46: =G46*(1+L46/100) -> 63041.375 | N46: 0 | O46: =ROUND(E46*N46,2) -> 0 | P46: 0 | Q46: =ROUND(E46*P46,2) -> 0 | S46: RTS 19/ II | T46: RTS 19/ II | U46: 0 | V46: =ROUND(E46*U46,2) -> 0 | X46: Práce | AG46: POL1_1
C47: odvoz přebytečné zeminy na skládku : | AG47: VV | AH47: 0
C48: Začátek provozního součtu | AG48: VV
C49: 215,83*1,10*0,55 | E49: 130.58 | AG49: VV | AH49: 2
C50: Konec provozního součtu | AG50: VV
C51: 130,5772*1,90 | E51: 248.1 | AG51: VV | AH51: 0
A52: 13 | B52: 58337333 | C52: Štěrkopísek frakce 0-32 A | D52: T | E52: 201.9199 | F52: 35 | G52: =ROUND(E52*F52,2) -> 7067.2 | I52: =ROUND(E52*H52,2) -> 0 | K52: =ROUND(E52*J52,2) -> 0 | L52: 21 | M52: =G52*(1+L52/100) -> 8551.312 | N52: 1 | O52: =ROUND(E52*N52,2) -> 201.92 | P52: 0 | Q52: =ROUND(E52*P52,2) -> 0 | R52: SPCM | S52: RTS 19/ II | T52: RTS 19/ II | U52: 0 | V52: =ROUND(E52*U52,2) -> 0 | X52: Specifikace | AG52: POL3_1
C53: vodovodní řad V2 : | AG53: VV | AH53: 0
C54: Začátek provozního součtu | AG54: VV
C55: 215,83*1,10*0,45 | E55: 106.84 | AG55: VV | AH55: 2
C56: Konec provozního součtu | AG56: VV
C57: 106,8359*1,89 | E57: 201.92 | AG57: VV | AH57: 0
A58: Díl: | B58: 4 | C58: Vodorovné konstrukce | G58: =SUMIF(AG59:AG67,"<>NOR",G59:G67) -> 25476.68 | I58: =SUM(I59:I67) -> 0 | K58: =SUM(K59:K67) -> 0 | M58: =SUM(M59:M67) -> 30826.783 | O58: =SUM(O59:O67) -> 31.36 | Q58: =SUM(Q59:Q67) -> 0 | V58: =SUM(V59:V67) -> 48.11 | AG58: DIL
A59: 14 | B59: 451572111R00 | C59: Lože pod potrubí z kameniva těženého 0 - 4 mm | D59: m3 | E59: 23.7413 | F59: 783 | G59: =ROUND(E59*F59,2) -> 18589.44 | I59: =ROUND(E59*H59,2) -> 0 | K59: =ROUND(E59*J59,2) -> 0 | L59: 21 | M59: =G59*(1+L59/100) -> 22493.222 | N59: 1.1322 | O59: =ROUND(E59*N59,2) -> 26.88 | P59: 0 | Q59: =ROUND(E59*P59,2) -> 0 | S59: RTS 19/ II | T59: RTS 19/ II | U59: 1.695 | V59: =ROUND(E59*U59,2) -> 40.24 | X59: Práce | AG59: POL1_1
C60: vodovodní řad V2 : | AG60: VV | AH60: 0
C61: 215,83*1,10*0,10 | E61: 23.74 | AG61: VV | AH61: 0
A62: 15 | B62: 452313161R00 | C62: Bloky pro potrubí z betonu C 25/30 | D62: m3 | E62: 1.78 | F62: 2658 | G62: =ROUND(E62*F62,2) -> 4731.24 | I62: =ROUND(E62*H62,2) -> 0 | K62: =ROUND(E62*J62,2) -> 0 | L62: 21 | M62: =G62*(1+L62/100) -> 5724.8004 | N62: 2.5 | O62: =ROUND(E62*N62,2) -> 4.45 | P62: 0 | Q62: =ROUND(E62*P62,2) -> 0 | S62: RTS 19/ II | T62: RTS 19/ II | U62: 1.192 | V62: =ROUND(E62*U62,2) -> 2.12 | X62: Práce | AG62: POL1_1
C63: výkres č.006 : | AG63: VV | AH63: 0
C64: 1,78 | E64: 1.78 | AG64: VV | AH64: 0
A65: 16 | B65: 452351101R00 | C65: Bednění desek nebo sedlových loží pod potrubí | D65: m2 | E65: 7 | F65: 308 | G65: =ROUND(E65*F65,2) -> 2156 | I65: =ROUND(E65*H65,2) -> 0 | K65: =ROUND(E65*J65,2) -> 0 | L65: 21 | M65: =G65*(1+L65/100) -> 2608.76 | N65: 0.00442 | O65: =ROUND(E65*N65,2) -> 0.03 | P65: 0 | Q65: =ROUND(E65*P65,2) -> 0 | S65: RTS 19/ II | T65: RTS 19/ II | U65: 0.821 | V65: =ROUND(E65*U65,2) -> 5.75 | X65: Práce | AG65: POL1_1
C66: výkres č.006 : | AG66: VV | AH66: 0
C67: 7,00 | E67: 7 | AG67: VV | AH67: 0
A68: Díl: | B68: 8 | C68: Trubní vedení | G68: =SUMIF(AG69:AG105,"<>NOR",G69:G105) -> 952174.53 | I68: =SUM(I69:I105) -> 0 | K68: =SUM(K69:K105) -> 0 | M68: =SUM(M69:M105) -> 1152131.2 | O68: =SUM(O69:O105) -> 6.38 | Q68: =SUM(Q69:Q105) -> 0 | V68: =SUM(V69:V105) -> 264.54 | AG68: DIL
A69: 17 | B69: 851601104R00 | C69: Montáž potrubí tlakového, tvárná litina DN 150 | D69: m | E69: 215.83 | F69: 186 | G69: =ROUND(E69*F69,2) -> 40144.38 | I69: =ROUND(E69*H69,2) -> 0 | K69: =ROUND(E69*J69,2) -> 0 | L69: 21 | M69: =G69*(1+L69/100) -> 48574.7 | N69: 0 | O69: =ROUND(E69*N69,2) -> 0 | P69: 0 | Q69: =ROUND(E69*P69,2) -> 0 | S69: RTS 19/ II | T69: RTS 19/ II | U69: 0.536 | V69: =ROUND(E69*U69,2) -> 115.68 | X69: Práce | AG69: POL1_1
C70: potrubí DN150 : | AG70: VV | AH70: 0
C71: 215,83 | E71: 215.83 | AG71: VV | AH71: 0
A72: 18 | B72: 857701104R00 | C72: Montáž tvarovek odbočných, tvárná litina DN 150 | D72: kus | E72: 21 | F72: 776 | G72: =ROUND(E72*F72,2) -> 16296 | I72: =ROUND(E72*H72,2) -> 0 | K72: =ROUND(E72*J72,2) -> 0 | L72: 21 | M72: =G72*(1+L72/100) -> 19718.16 | N72: 0.00139 | O72: =ROUND(E72*N72,2) -> 0.03 | P72: 0 | Q72: =ROUND(E72*P72,2) -> 0 | S72: RTS 19/ II | T72: RTS 19/ II | U72: 2.1188 | V72: =ROUND(E72*U72,2) -> 44.49 | X72: Práce | AG72: POL1_1
C73: tvarovky z tvárné litiny : | AG73: VV | AH73: 0
C74: 2,00+10,00+6,00+3,00 | E74: 21 | AG74: VV | AH74: 0
A75: 19 | B75: 890-001 | C75: D+M armatura tvárná litina šoupátko zemní Š DN 80 | D75: kus | E75: 2 | F75: 9090 | G75: =ROUND(E75*F75,2) -> 18180 | I75: =ROUND(E75*H75,2) -> 0 | K75: =ROUND(E75*J75,2) -> 0 | L75: 21 | M75: =G75*(1+L75/100) -> 21997.8 | N75: 0 | O75: =ROUND(E75*N75,2) -> 0 | P75: 0 | Q75: =ROUND(E75*P75,2) -> 0 | S75: Vlastní | T75: Indiv | U75: 0 | V75: =ROUND(E75*U75,2) -> 0 | X75: Práce | AG75: POL1_1
A76: 20 | B76: 890-002 | C76: D+M armatura tvárná litina šoupátko zemní Š DN 150 | D76: kus | E76: 1 | F76: 17634 | G76: =ROUND(E76*F76,2) -> 17634 | I76: =ROUND(E76*H76,2) -> 0 | K76: =ROUND(E76*J76,2) -> 0 | L76: 21 | M76: =G76*(1+L76/100) -> 21337.14 | N76: 0 | O76: =ROUND(E76*N76,2) -> 0 | P76: 0 | Q76: =ROUND(E76*P76,2) -> 0 | S76: Vlastní | T76: Indiv | U76: 0 | V76: =ROUND(E76*U76,2) -> 0 | X76: Práce | AG76: POL1_1
A77: 21 | B77: 890-003 | C77: D+M armatura tvárná litina hydrant H DN 80 podzemní Rd 1,5 m | D77: kus | E77: 2 | F77: 18480 | G77: =ROUND(E77*F77,2) -> 36960 | I77: =ROUND(E77*H77,2) -> 0 | K77: =ROUND(E77*J77,2) -> 0 | L77: 21 | M77: =G77*(1+L77/100) -> 44721.6 | N77: 0 | O77: =ROUND(E77*N77,2) -> 0 | P77: 0 | Q77: =ROUND(E77*P77,2) -> 0 | S77: Vlastní | T77: Indiv | U77: 0 | V77: =ROUND(E77*U77,2) -> 0 | X77: Práce | AG77: POL1_1
A78: 22 | B78: 890-004 | C78: D+M zemní souprava teleskop. DN 80 Rd 1,2-1,8 m | D78: kus | E78: 2 | F78: 1908 | G78: =ROUND(E78*F78,2) -> 3816 | I78: =ROUND(E78*H78,2) -> 0 | K78: =ROUND(E78*J78,2) -> 0 | L78: 21 | M78: =G78*(1+L78/100) -> 4617.36 | N78: 0 | O78: =ROUND(E78*N78,2) -> 0 | P78: 0 | Q78: =ROUND(E78*P78,2) -> 0 | S78: Vlastní | T78: Indiv | U78: 0 | V78: =ROUND(E78*U78,2) -> 0 | X78: Práce | AG78: POL1_1
A79: 23 | B79: 890-005 | C79: D+M zemní souprava teleskop. DN 150 Rd 1,2-1,8 m | D79: kus | E79: 1 | F79: 2034 | G79: =ROUND(E79*F79,2) -> 2034 | I79: =ROUND(E79*H79,2) -> 0 | K79: =ROUND(E79*J79,2) -> 0 | L79: 21 | M79: =G79*(1+L79/100) -> 2461.14 | N79: 0 | O79: =ROUND(E79*N79,2) -> 0 | P79: 0 | Q79: =ROUND(E79*P79,2) -> 0 | S79: Vlastní | T79: Indiv | U79: 0 | V79: =ROUND(E79*U79,2) -> 0 | X79: Práce | AG79: POL1_1
A80: 24 | B80: 890-006 | C80: D+M poklop hydrantový | D80: kus | E80: 2 | F80: 745 | G80: =ROUND(E80*F80,2) -> 1490 | I80: =ROUND(E80*H80,2) -> 0 | K80: =ROUND(E80*J80,2) -> 0 | L80: 21 | M80: =G80*(1+L80/100) -> 1802.9 | N80: 0 | O80: =ROUND(E80*N80,2) -> 0 | P80: 0 | Q80: =ROUND(E80*P80,2) -> 0 | S80: Vlastní | T80: Indiv | U80: 0 | V80: =ROUND(E80*U80,2) -> 0 | X80: Práce | AG80: POL1_1
A81: 25 | B81: 890-007 | C81: D+M poklop šoupátkový | D81: kus | E81: 3 | F81: 565 | G81: =ROUND(E81*F81,2) -> 1695 | I81: =ROUND(E81*H81,2) -> 0 | K81: =ROUND(E81*J81,2) -> 0 | L81: 21 | M81: =G81*(1+L81/100) -> 2050.95 | N81: 0 | O81: =ROUND(E81*N81,2) -> 0 | P81: 0 | Q81: =ROUND(E81*P81,2) -> 0 | S81: Vlastní | T81: Indiv | U81: 0 | V81: =ROUND(E81*U81,2) -> 0 | X81: Práce | AG81: POL1_1
A82: 26 | B82: 890-008 | C82: D+M drenážní blok k hydrantu | D82: kus | E82: 2 | F82: 867 | G82: =ROUND(E82*F82,2) -> 1734 | I82: =ROUND(E82*H82,2) -> 0 | K82: =ROUND(E82*J82,2) -> 0 | L82: 21 | M82: =G82*(1+L82/100) -> 2098.14 | N82: 0 | O82: =ROUND(E82*N82,2) -> 0 | P82: 0 | Q82: =ROUND(E82*P82,2) -> 0 | S82: Vlastní | T82: Indiv | U82: 0 | V82: =ROUND(E82*U82,2) -> 0 | X82: Práce | AG82: POL1_1
A83: 27 | B83: 890-009 | C83: D+M orientační tabulka pro šoupě | D83: kus | E83: 3 | F83: 1130 | G83: =ROUND(E83*F83,2) -> 3390 | I83: =ROUND(E83*H83,2) -> 0 | K83: =ROUND(E83*J83,2) -> 0 | L83: 21 | M83: =G83*(1+L83/100) -> 4101.9 | N83: 0 | O83: =ROUND(E83*N83,2) -> 0 | P83: 0 | Q83: =ROUND(E83*P83,2) -> 0 | S83: Vlastní | T83: Indiv | U83: 0 | V83: =ROUND(E83*U83,2) -> 0 | X83: Práce | AG83: POL1_1
A84: 28 | B84: 890-010 | C84: D+M orientační tabulka pro hydrant | D84: kus | E84: 2 | F84: 1130 | G84: =ROUND(E84*F84,2) -> 2260 | I84: =ROUND(E84*H84,2) -> 0 | K84: =ROUND(E84*J84,2) -> 0 | L84: 21 | M84: =G84*(1+L84/100) -> 2734.6 | N84: 0 | O84: =ROUND(E84*N84,2) -> 0 | P84: 0 | Q84: =ROUND(E84*P84,2) -> 0 | S84: Vlastní | T84: Indiv | U84: 0 | V84: =ROUND(E84*U84,2) -> 0 | X84: Práce | AG84: POL1_1
A85: 29 | B85: 890-011 | C85: D+M MARKER modrý SM 2500 | D85: kus | E85: 27 | F85: 198 | G85: =ROUND(E85*F85,2) -> 5346 | I85: =ROUND(E85*H85,2) -> 0 | K85: =ROUND(E85*J85,2) -> 0 | L85: 21 | M85: =G85*(1+L85/100) -> 6468.66 | N85: 0 | O85: =ROUND(E85*N85,2) -> 0 | P85: 0 | Q85: =ROUND(E85*P85,2) -> 0 | S85: Vlastní | T85: Indiv | U85: 0 | V85: =ROUND(E85*U85,2) -> 0 | X85: Práce | AG85: POL1_1
A86: 30 | B86: 890-012 | C86: D+M elastomerová manžeta na hrdlový spoj | D86: kus | E86: 79 | F86: 455 | G86: =ROUND(E86*F86,2) -> 35945 | I86: =ROUND(E86*H86,2) -> 0 | K86: =ROUND(E86*J86,2) -> 0 | L86: 21 | M86: =G86*(1+L86/100) -> 43493.45 | N86: 0 | O86: =ROUND(E86*N86,2) -> 0 | P86: 0 | Q86: =ROUND(E86*P86,2) -> 0 | S86: Vlastní | T86: Indiv | U86: 0 | V86: =ROUND(E86*U86,2) -> 0 | X86: Práce | AG86: POL1_1
... A90: 34 | B90: 899711122R00 | C90: Fólie výstražná z PVC, šířka 30 cm | D90: m | E90: 237.413 | F90: 12 | G90: =ROUND(E90*F90,2) -> 2848.96 | I90: =ROUND(E90*H90,2) -> 0 | K90: =ROUND(E90*J90,2) -> 0 | L90: 21 | M90: =G90*(1+L90/100) -> 3447.2416 | N90: 0 | O90: =ROUND(E90*N90,2) -> 0 | P90: 0 | Q90: =ROUND(E90*P90,2) -> 0 | S90: RTS 19/ II | T90: RTS 19/ II | U90: 0.026 | V90: =ROUND(E90*U90,2) -> 6.17 | X90: Práce | AG90: POL1_1
C91: 215,83*1,10 | E91: 237.41 | AG91: VV | AH91: 0
A92: 35 | B92: 900-001 | C92: Potrubí DN150 TL, těžká protikorozní ochrana (dle ČSN EN 545:2011 tl.stěny litiny min.4,7 mm) | D92: m | E92: 226.6215 | F92: 2568 | G92: =ROUND(E92*F92,2) -> 581964.01 | I92: =ROUND(E92*H92,2) -> 0 | K92: =ROUND(E92*J92,2) -> 0 | L92: 21 | M92: =G92*(1+L92/100) -> 704176.45 | N92: 0.028 | O92: =ROUND(E92*N92,2) -> 6.35 | P92: 0 | Q92: =ROUND(E92*P92,2) -> 0 | S92: Vlastní | T92: Indiv | U92: 0 | V92: =ROUND(E92*U92,2) -> 0 | X92: Práce | AG92: POL1_1
C93: potrubí DN150 : | AG93: VV | AH93: 0
C94: 215,83*1,05 | E94: 226.62 | AG94: VV | AH94: 0
A95: 36 | B95: 900-002 | C95: Tvarovka tvárná litina spojka E DN 150 | D95: kus | E95: 1 | F95: 4972 | G95: =ROUND(E95*F95,2) -> 4972 | I95: =ROUND(E95*H95,2) -> 0 | K95: =ROUND(E95*J95,2) -> 0 | L95: 21 | M95: =G95*(1+L95/100) -> 6016.12 | N95: 0 | O95: =ROUND(E95*N95,2) -> 0 | P95: 0 | Q95: =ROUND(E95*P95,2) -> 0 | S95: Vlastní | T95: Indiv | U95: 0 | V95: =ROUND(E95*U95,2) -> 0 | X95: Práce | AG95: POL1_1
A96: 37 | B96: 900-003 | C96: Tvarovka tvárná litina spojka F DN 150 | D96: kus | E96: 1 | F96: 4972 | G96: =ROUND(E96*F96,2) -> 4972 | I96: =ROUND(E96*H96,2) -> 0 | K96: =ROUND(E96*J96,2) -> 0 | L96: 21 | M96: =G96*(1+L96/100) -> 6016.12 | N96: 0 | O96: =ROUND(E96*N96,2) -> 0 | P96: 0 | Q96: =ROUND(E96*P96,2) -> 0 | S96: Vlastní | T96: Indiv | U96: 0 | V96: =ROUND(E96*U96,2) -> 0 | X96: Práce | AG96: POL1_1
A97: 38 | B97: 900-004 | C97: Tvarovka tvárná litina přírubový kus FFP DN 80 dl.250 mm | D97: kus | E97: 2 | F97: 3722 | G97: =ROUND(E97*F97,2) -> 7444 | I97: =ROUND(E97*H97,2) -> 0 | K97: =ROUND(E97*J97,2) -> 0 | L97: 21 | M97: =G97*(1+L97/100) -> 9007.24 | N97: 0 | O97: =ROUND(E97*N97,2) -> 0 | P97: 0 | Q97: =ROUND(E97*P97,2) -> 0 | S97: Vlastní | T97: Indiv | U97: 0 | V97: =ROUND(E97*U97,2) -> 0 | X97: Práce | AG97: POL1_1
A98: 39 | B98: 900-005 | C98: Tvarovka tvárná litina patkové koleno N DN 80 | D98: kus | E98: 2 | F98: 6581 | G98: =ROUND(E98*F98,2) -> 13162 | I98: =ROUND(E98*H98,2) -> 0 | K98: =ROUND(E98*J98,2) -> 0 | L98: 21 | M98: =G98*(1+L98/100) -> 15926.02 | N98: 0 | O98: =ROUND(E98*N98,2) -> 0 | P98: 0 | Q98: =ROUND(E98*P98,2) -> 0 | S98: Vlastní | T98: Indiv | U98: 0 | V98: =ROUND(E98*U98,2) -> 0 | X98: Práce | AG98: POL1_1
A99: 40 | B99: 900-006 | C99: Tvarovka tvárná litina odbočka MMA DN 150/80 | D99: kus | E99: 2 | F99: 9579 | G99: =ROUND(E99*F99,2) -> 19158 | I99: =ROUND(E99*H99,2) -> 0 | K99: =ROUND(E99*J99,2) -> 0 | L99: 21 | M99: =G99*(1+L99/100) -> 23181.18 | N99: 0 | O99: =ROUND(E99*N99,2) -> 0 | P99: 0 | Q99: =ROUND(E99*P99,2) -> 0 | S99: Vlastní | T99: Indiv | U99: 0 | V99: =ROUND(E99*U99,2) -> 0 | X99: Práce | AG99: POL1_1
A100: 41 | B100: 900-007 | C100: Tvarovka tvárná litina odbočka MMA DN 150/100 | D100: kus | E100: 2 | F100: 8968 | G100: =ROUND(E100*F100,2) -> 17936 | I100: =ROUND(E100*H100,2) -> 0 | K100: =ROUND(E100*J100,2) -> 0 | L100: 21 | M100: =G100*(1+L100/100) -> 21702.56 | N100: 0 | O100: =ROUND(E100*N100,2) -> 0 | P100: 0 | Q100: =ROUND(E100*P100,2) -> 0 | S100: Vlastní | T100: Indiv | U100: 0 | V100: =ROUND(E100*U100,2) -> 0 | X100: Práce | AG100: POL1_1
A101: 42 | B101: 900-008 | C101: Tvarovka tvárná litina koleno MMK DN 150/45° | D101: kus | E101: 2 | F101: 7106 | G101: =ROUND(E101*F101,2) -> 14212 | I101: =ROUND(E101*H101,2) -> 0 | K101: =ROUND(E101*J101,2) -> 0 | L101: 21 | M101: =G101*(1+L101/100) -> 17196.52 | N101: 0 | O101: =ROUND(E101*N101,2) -> 0 | P101: 0 | Q101: =ROUND(E101*P101,2) -> 0 | S101: Vlastní | T101: Indiv | U101: 0 | V101: =ROUND(E101*U101,2) -> 0 | X101: Práce | AG101: POL1_1
A102: 43 | B102: 900-009 | C102: Tvarovka tvárná litina koleno MMK DN 150/30° | D102: kus | E102: 6 | F102: 6361 | G102: =ROUND(E102*F102,2) -> 38166 | I102: =ROUND(E102*H102,2) -> 0 | K102: =ROUND(E102*J102,2) -> 0 | L102: 21 | M102: =G102*(1+L102/100) -> 46180.86 | N102: 0 | O102: =ROUND(E102*N102,2) -> 0 | P102: 0 | Q102: =ROUND(E102*P102,2) -> 0 | S102: Vlastní | T102: Indiv | U102: 0 | V102: =ROUND(E102*U102,2) -> 0 | X102: Práce | AG102: POL1_1
A103: 44 | B103: 900-010 | C103: Tvarovka tvárná litina koleno MMK DN 150/22° | D103: kus | E103: 1 | F103: 6147 | G103: =ROUND(E103*F103,2) -> 6147 | I103: =ROUND(E103*H103,2) -> 0 | K103: =ROUND(E103*J103,2) -> 0 | L103: 21 | M103: =G103*(1+L103/100) -> 7437.87 | N103: 0 | O103: =ROUND(E103*N103,2) -> 0 | P103: 0 | Q103: =ROUND(E103*P103,2) -> 0 | S103: Vlastní | T103: Indiv | U103: 0 | V103: =ROUND(E103*U103,2) -> 0 | X103: Práce | AG103: POL1_1
A104: 45 | B104: 900-011 | C104: Tvarovka tvárná litina koleno MMK DN 150/11° | D104: kus | E104: 1 | F104: 6873 | G104: =ROUND(E104*F104,2) -> 6873 | I104: =ROUND(E104*H104,2) -> 0 | K104: =ROUND(E104*J104,2) -> 0 | L104: 21 | M104: =G104*(1+L104/100) -> 8316.33 | N104: 0 | O104: =ROUND(E104*N104,2) -> 0 | P104: 0 | Q104: =ROUND(E104*P104,2) -> 0 | S104: Vlastní | T104: Indiv | U104: 0 | V104: =ROUND(E104*U104,2) -> 0 | X104: Práce | AG104: POL1_1
A105: 46 | B105: 900-012 | C105: Tvarovka tvárná litina plná příruba X DN 100 | D105: kus | E105: 1 | F105: 1109 | G105: =ROUND(E105*F105,2) -> 1109 | I105: =ROUND(E105*H105,2) -> 0 | K105: =ROUND(E105*J105,2) -> 0 | L105: 21 | M105: =G105*(1+L105/100) -> 1341.89 | N105: 0 | O105: =ROUND(E105*N105,2) -> 0 | P105: 0 | Q105: =ROUND(E105*P105,2) -> 0 | S105: Vlastní | T105: Indiv | U105: 0 | V105: =ROUND(E105*U105,2) -> 0 | X105: Práce | AG105: POL1_1
...

Sheet SO 601 SO 601 Pol
A1: Položkový rozpočet | AG1: #TypZaznamu#
A2: S: | B2: 2409.2 | C2: Český technologický park Brno, zóna C - objekty D, E, F - infrastruktura | AG2: STA
A3: O: | B3: SO 601 | C3: Vodovodní přípojka E | AC3: STA | AG3: OBJ
A4: R: | B4: SO 601 | C4: Vodovodní přípojka E | AG4: ROZ
A6: P.č. | B6: Číslo položky | C6: Název položky | D6: MJ | E6: Množství | F6: Cena / MJ | G6: Celkem | H6: Dodávka | I6: Dodávka celk. | J6: Montáž | K6: Montáž celk. | L6: DPH | M6: Cena s DPH | N6: Hmotnost / MJ | O6: Hmotnost celk.(t) | P6: Dem. hmotnost / MJ | Q6: Dem. hmotnost celk.(t) | R6: Ceník | S6: Cen. soustava / platnost | T6: Cenová úroveň | U6: Nhod / MJ | V6: Nhod celk. | W6: Dodavatel | X6: Typ položky
A8: Díl: | B8: 1 | C8: Zemní práce | G8: =SUMIF(AG9:AG57,"<>NOR",G9:G57) -> 35320.47 | I8: =SUM(I9:I57) -> 0 | K8: =SUM(K9:K57) -> 0 | M8: =SUM(M9:M57) -> 42737.769 | O8: =SUM(O9:O57) -> 18.38 | Q8: =SUM(Q9:Q57) -> 0 | V8: =SUM(V9:V57) -> 82.18 | AG8: DIL
A9: 1 | B9: 132201219R00 | C9: Přípl.za lepivost,hloubení rýh 200cm,hor.3,STROJNĚ | D9: m3 | E9: 19.3743 | F9: 26 | G9: =ROUND(E9*F9,2) -> 503.73 | I9: =ROUND(E9*H9,2) -> 0 | K9: =ROUND(E9*J9,2) -> 0 | L9: 21 | M9: =G9*(1+L9/100) -> 609.5133 | N9: 0 | O9: =ROUND(E9*N9,2) -> 0 | P9: 0 | Q9: =ROUND(E9*P9,2) -> 0 | S9: RTS 19/ II | T9: RTS 19/ II | U9: 0.084 | V9: =ROUND(E9*U9,2) -> 1.63 | X9: Práce | AG9: POL1_1
C10: přípojka E : | AG10: VV | AH10: 0
C11: Začátek provozního součtu | AG11: VV
C12: 19,57*1,10*1,80 | E12: 38.7486 | AG12: VV | AH12: 2
C13: Konec provozního součtu | AG13: VV
C14: 38,7486/2 | E14: 19.3743 | AG14: VV | AH14: 0
A15: 2 | B15: 132201211R00 | C15: Hloubení rýh š.do 200 cm hor.3 do 100 m3,STROJNĚ | D15: m3 | E15: 38.7486 | F15: 160 | G15: =ROUND(E15*F15,2) -> 6199.78 | I15: =ROUND(E15*H15,2) -> 0 | K15: =ROUND(E15*J15,2) -> 0 | L15: 21 | M15: =G15*(1+L15/100) -> 7501.7338 | N15: 0 | O15: =ROUND(E15*N15,2) -> 0 | P15: 0 | Q15: =ROUND(E15*P15,2) -> 0 | S15: RTS 19/ II | T15: RTS 19/ II | U15: 0.222 | V15: =ROUND(E15*U15,2) -> 8.6 | X15: Práce | AG15: POL1_1
C16: přípojka E : | AG16: VV | AH16: 0
C17: 19,57*1,10*1,80 | E17: 38.75 | AG17: VV | AH17: 0
A18: 3 | B18: 151101101R00 | C18: Pažení a rozepření stěn rýh - příložné - hl. do 2m | D18: m2 | E18: 70.452 | F18: 86 | G18: =ROUND(E18*F18,2) -> 6058.87 | I18: =ROUND(E18*H18,2) -> 0 | K18: =ROUND(E18*J18,2) -> 0 | L18: 21 | M18: =G18*(1+L18/100) -> 7331.2327 | N18: 0.00099 | O18: =ROUND(E18*N18,2) -> 0.07 | P18: 0 | Q18: =ROUND(E18*P18,2) -> 0 | S18: RTS 19/ II | T18: RTS 19/ II | U18: 0.236 | V18: =ROUND(E18*U18,2) -> 16.63 | X18: Práce | AG18: POL1_1
C19: přípojka E : | AG19: VV | AH19: 0
C20: (19,57*1,80)*2 | E20: 70.45 | AG20: VV | AH20: 0
A21: 4 | B21: 151101111R00 | C21: Odstranění pažení stěn rýh - příložné - hl. do 2 m | D21: m2 | E21: 70.452 | F21: 43 | G21: =ROUND(E21*F21,2) -> 3029.44 | I21: =ROUND(E21*H21,2) -> 0 | K21: =ROUND(E21*J21,2) -> 0 | L21: 21 | M21: =G21*(1+L21/100) -> 3665.6224 | N21: 0 | O21: =ROUND(E21*N21,2) -> 0 | P21: 0 | Q21: =ROUND(E21*P21,2) -> 0 | S21: RTS 19/ II | T21: RTS 19/ II | U21: 0.07 | V21: =ROUND(E21*U21,2) -> 4.93 | X21: Práce | AG21: POL1_1
C22: přípojka E : | AG22: VV | AH22: 0
C23: (19,57*1,80)*2 | E23: 70.45 | AG23: VV | AH23: 0
A24: 5 | B24: 151401501R00 | C24: Přepažení rozepření - příložné - hl. do 4 m | D24: m3 | E24: 38.7486 | F24: 70 | G24: =ROUND(E24*F24,2) -> 2712.4 | I24: =ROUND(E24*H24,2) -> 0 | K24: =ROUND(E24*J24,2) -> 0 | L24: 21 | M24: =G24*(1+L24/100) -> 3282.004 | N24: 0 | O24: =ROUND(E24*N24,2) -> 0 | P24: 0 | Q24: =ROUND(E24*P24,2) -> 0 | S24: RTS 19/ II | T24: RTS 19/ II | U24: 0.039 | V24: =ROUND(E24*U24,2) -> 1.51 | X24: Práce | AG24: POL1_1
C25: přípojka E : | AG25: VV | AH25: 0
C26: 19,57*1,10*1,80 | E26: 38.75 | AG26: VV | AH26: 0
A27: 6 | B27: 161101102R00 | C27: Svislé přemístění výkopku z hor.1-4 do 4,0 m | D27: m3 | E27: 38.7486 | F27: 17 | G27: =ROUND(E27*F27,2) -> 658.73 | I27: =ROUND(E27*H27,2) -> 0 | K27: =ROUND(E27*J27,2) -> 0 | L27: 21 | M27: =G27*(1+L27/100) -> 797.0633 | N27: 0 | O27: =ROUND(E27*N27,2) -> 0 | P27: 0 | Q27: =ROUND(E27*P27,2) -> 0 | S27: RTS 19/ II | T27: RTS 19/ II | U27: 0.519 | V27: =ROUND(E27*U27,2) -> 20.11 | X27: Práce | AG27: POL1_0
C28: přípojka E : | AG28: VV | AH28: 0
C29: 19,57*1,10*1,80 | E29: 38.75 | AG29: VV | AH29: 0
A30: 7 | B30: 162701105R00 | C30: Vodorovné přemístění výkopku z hor.1-4 do 10000 m | D30: m3 | E30: 11.8399 | F30: 159 | G30: =ROUND(E30*F30,2) -> 1882.54 | I30: =ROUND(E30*H30,2) -> 0 | K30: =ROUND(E30*J30,2) -> 0 | L30: 21 | M30: =G30*(1+L30/100) -> 2277.8734 | N30: 0 | O30: =ROUND(E30*N30,2) -> 0 | P30: 0 | Q30: =ROUND(E30*P30,2) -> 0 | S30: RTS 19/ II | T30: RTS 19/ II | U30: 0.011 | V30: =ROUND(E30*U30,2) -> 0.13 | X30: Práce | AG30: POL1_1
C31: odvoz přebytečné zeminy na skládku : | AG31: VV | AH31: 0
C32: 19,57*1,10*0,55 | E32: 11.84 | AG32: VV | AH32: 0
A33: 8 | B33: 167101101R00 | C33: Nakládání výkopku z hor.1-4 v množství do 100 m3 | D33: m3 | E33: 11.8399 | F33: 213 | G33: =ROUND(E33*F33,2) -> 2521.9 | I33: =ROUND(E33*H33,2) -> 0 | K33: =ROUND(E33*J33,2) -> 0 | L33: 21 | M33: =G33*(1+L33/100) -> 3051.499 | N33: 0 | O33: =ROUND(E33*N33,2) -> 0 | P33: 0 | Q33: =ROUND(E33*P33,2) -> 0 | S33: RTS 19/ II | T33: RTS 19/ II | U33: 0.652 | V33: =ROUND(E33*U33,2) -> 7.72 | X33: Práce | AG33: POL1_1
C34: odvoz přebytečné zeminy na skládku : | AG34: VV | AH34: 0
C35: 19,57*1,10*0,55 | E35: 11.84 | AG35: VV | AH35: 0
A36: 9 | B36: 171201201R00 | C36: Uložení sypaniny na skl.-modelace na výšku přes 2m | D36: m3 | E36: 11.8399 | F36: 11 | G36: =ROUND(E36*F36,2) -> 130.24 | I36: =ROUND(E36*H36,2) -> 0 | K36: =ROUND(E36*J36,2) -> 0 | L36: 21 | M36: =G36*(1+L36/100) -> 157.5904 | N36: 0 | O36: =ROUND(E36*N36,2) -> 0 | P36: 0 | Q36: =ROUND(E36*P36,2) -> 0 | S36: RTS 19/ II | T36: RTS 19/ II | U36: 0.009 | V36: =ROUND(E36*U36,2) -> 0.11 | X36: Práce | AG36: POL1_1
C37: odvoz přebytečné zeminy na skládku : | AG37: VV | AH37: 0
C38: 19,57*1,10*0,55 | E38: 11.84 | AG38: VV | AH38: 0
A39: 10 | B39: 174101101R00 | C39: Zásyp jam, rýh, šachet se zhutněním | D39: m3 | E39: 26.9088 | F39: 171 | G39: =ROUND(E39*F39,2) -> 4601.4 | I39: =ROUND(E39*H39,2) -> 0 | K39: =ROUND(E39*J39,2) -> 0 | L39: 21 | M39: =G39*(1+L39/100) -> 5567.694 | N39: 0 | O39: =ROUND(E39*N39,2) -> 0 | P39: 0 | Q39: =ROUND(E39*P39,2) -> 0 | S39: RTS 19/ II | T39: RTS 19/ II | U39: 0.202 | V39: =ROUND(E39*U39,2) -> 5.44 | X39: Práce | AG39: POL1_1
C40: zásyp zbylého výkopu vykopanou zeminou : | AG40: VV | AH40: 0
C41: přípojka E : | AG41: VV | AH41: 0
C42: 19,57*1,10*(1,80-0,55) | E42: 26.91 | AG42: VV | AH42: 0
A43: 11 | B43: 175101101R00 | C43: Obsyp potrubí bez prohození sypaniny | D43: m3 | E43: 9.6872 | F43: 171 | G43: =ROUND(E43*F43,2) -> 1656.51 | I43: =ROUND(E43*H43,2) -> 0 | K43: =ROUND(E43*J43,2) -> 0 | L43: 21 | M43: =G43*(1+L43/100) -> 2004.3771 | N43: 0 | O43: =ROUND(E43*N43,2) -> 0 | P43: 0 | Q43: =ROUND(E43*P43,2) -> 0 | S43: RTS 19/ II | T43: RTS 19/ II | U43: 1.587 | V43: =ROUND(E43*U43,2) -> 15.37 | X43: Práce | AG43: POL1_1
C44: přípojka E : | AG44: VV | AH44: 0
C45: 19,57*1,10*0,45 | E45: 9.69 | AG45: VV | AH45: 0
A46: 12 | B46: 199000005R00 | C46: Poplatek za skládku zeminy 1- 4 | D46: t | E46: 22.4958 | F46: 210 | G46: =ROUND(E46*F46,2) -> 4724.12 | I46: =ROUND(E46*H46,2) -> 0 | K46: =ROUND(E46*J46,2) -> 0 | L46: 21 | M46: =G46*(1+L46/100) -> 5716.1852 | N46: 0 | O46: =ROUND(E46*N46,2) -> 0 | P46: 0 | Q46: =ROUND(E46*P46,2) -> 0 | S46: RTS 19/ II | T46: RTS 19/ II | U46: 0 | V46: =ROUND(E46*U46,2) -> 0 | X46: Práce | AG46: POL1_1
C47: odvoz přebytečné zeminy na skládku : | AG47: VV | AH47: 0
C48: Začátek provozního součtu | AG48: VV
C49: 19,57*1,10*0,55 | E49: 11.84 | AG49: VV | AH49: 2
C50: Konec provozního součtu | AG50: VV
C51: 11,8399*1,90 | E51: 22.5 | AG51: VV | AH51: 0
A52: 13 | B52: 58337333 | C52: Štěrkopísek frakce 0-32 A | D52: T | E52: 18.3088 | F52: 35 | G52: =ROUND(E52*F52,2) -> 640.81 | I52: =ROUND(E52*H52,2) -> 0 | K52: =ROUND(E52*J52,2) -> 0 | L52: 21 | M52: =G52*(1+L52/100) -> 775.3801 | N52: 1 | O52: =ROUND(E52*N52,2) -> 18.31 | P52: 0 | Q52: =ROUND(E52*P52,2) -> 0 | R52: SPCM | S52: RTS 19/ II | T52: RTS 19/ II | U52: 0 | V52: =ROUND(E52*U52,2) -> 0 | X52: Specifikace | AG52: POL3_1
C53: přípojka E : | AG53: VV | AH53: 0
C54: Začátek provozního součtu | AG54: VV
C55: 19,57*1,10*0,45 | E55: 9.69 | AG55: VV | AH55: 2
C56: Konec provozního součtu | AG56: VV
C57: 9,6872*1,89 | E57: 18.31 | AG57: VV | AH57: 0
A58: Díl: | B58: 4 | C58: Vodorovné konstrukce | G58: =SUMIF(AG59:AG71,"<>NOR",G59:G71) -> 2998.89 | I58: =SUM(I59:I71) -> 0 | K58: =SUM(K59:K71) -> 0 | M58: =SUM(M59:M71) -> 3628.6569 | O58: =SUM(O59:O71) -> 2.99 | Q58: =SUM(Q59:Q71) -> 0 | V58: =SUM(V59:V71) -> 5.88 | AG58: DIL
A59: 14 | B59: 451572111R00 | C59: Lože pod potrubí z kameniva těženého 0 - 4 mm | D59: m3 | E59: 2.1527 | F59: 783 | G59: =ROUND(E59*F59,2) -> 1685.56 | I59: =ROUND(E59*H59,2) -> 0 | K59: =ROUND(E59*J59,2) -> 0 | L59: 21 | M59: =G59*(1+L59/100) -> 2039.5276 | N59: 1.1322 | O59: =ROUND(E59*N59,2) -> 2.44 | P59: 0 | Q59: =ROUND(E59*P59,2) -> 0 | S59: RTS 19/ II | T59: RTS 19/ II | U59: 1.695 | V59: =ROUND(E59*U59,2) -> 3.65 | X59: Práce | AG59: POL1_1
C60: přípojka E : | AG60: VV | AH60: 0
C61: 19,57*1,10*0,10 | E61: 2.15 | AG61: VV | AH61: 0
A62: 15 | B62: 452313161R00 | C62: Bloky pro potrubí z betonu C 25/30 | D62: m3 | E62: 0.216 | F62: 2658 | G62: =ROUND(E62*F62,2) -> 574.13 | I62: =ROUND(E62*H62,2) -> 0 | K62: =ROUND(E62*J62,2) -> 0 | L62: 21 | M62: =G62*(1+L62/100) -> 694.6973 | N62: 2.5 | O62: =ROUND(E62*N62,2) -> 0.54 | P62: 0 | Q62: =ROUND(E62*P62,2) -> 0 | S62: RTS 19/ II | T62: RTS 19/ II | U62: 1.192 | V62: =ROUND(E62*U62,2) -> 0.26 | X62: Práce | AG62: POL1_1
C63: 0,40*0,30*0,40 | E63: 0.05 | AG63: VV | AH63: 0
C64: 0,40*0,30*0,40 | E64: 0.05 | AG64: VV | AH64: 0
C65: 0,50*0,30*0,40 | E65: 0.06 | AG65: VV | AH65: 0
C66: 0,50*0,30*0,40 | E66: 0.06 | AG66: VV | AH66: 0
A67: 16 | B67: 452351101R00 | C67: Bednění desek nebo sedlových loží pod potrubí | D67: m2 | E67: 2.4 | F67: 308 | G67: =ROUND(E67*F67,2) -> 739.2 | I67: =ROUND(E67*H67,2) -> 0 | K67: =ROUND(E67*J67,2) -> 0 | L67: 21 | M67: =G67*(1+L67/100) -> 894.432 | N67: 0.00442 | O67: =ROUND(E67*N67,2) -> 0.01 | P67: 0 | Q67: =ROUND(E67*P67,2) -> 0 | S67: RTS 19/ II | T67: RTS 19/ II | U67: 0.821 | V67: =ROUND(E67*U67,2) -> 1.97 | X67: Práce | AG67: POL1_1
C68: (2*0,40+2*0,30)*0,40 | E68: 0.56 | AG68: VV | AH68: 0
C69: (2*0,40+2*0,30)*0,40 | E69: 0.56 | AG69: VV | AH69: 0
C70: (2*0,50+2*0,30)*0,40 | E70: 0.64 | AG70: VV | AH70: 0
C71: (2*0,50+2*0,30)*0,40 | E71: 0.64 | AG71: VV | AH71: 0
A72: Díl: | B72: 8 | C72: Trubní vedení | G72: =SUMIF(AG73:AG112,"<>NOR",G73:G112) -> 190373.44 | I72: =SUM(I73:I112) -> 0 | K72: =SUM(K73:K112) -> 0 | M72: =SUM(M73:M112) -> 230351.86 | O72: =SUM(O73:O112) -> 0.58 | Q72: =SUM(Q73:Q112) -> 0 | V72: =SUM(V73:V112) -> 39.94 | AG72: DIL
A73: 17 | B73: 851601102R00 | C73: Montáž potrubí tlakového, tvárná litina DN 100 | D73: m | E73: 19.57 | F73: 123 | G73: =ROUND(E73*F73,2) -> 2407.11 | I73: =ROUND(E73*H73,2) -> 0 | K73: =ROUND(E73*J73,2) -> 0 | L73: 21 | M73: =G73*(1+L73/100) -> 2912.6031 | N73: 0 | O73: =ROUND(E73*N73,2) -> 0 | P73: 0 | Q73: =ROUND(E73*P73,2) -> 0 | S73: RTS 19/ II | T73: RTS 19/ II | U73: 0.409 | V73: =ROUND(E73*U73,2) -> 8 | X73: Práce | AG73: POL1_1
C74: potrubí DN100 : | AG74: VV | AH74: 0
C75: 19,57 | E75: 19.57 | AG75: VV | AH75: 0
A76: 18 | B76: 857701102R00 | C76: Montáž tvarovek odbočných, tvárná litina DN 100 | D76: kus | E76: 16 | F76: 569 | G76: =ROUND(E76*F76,2) -> 9104 | I76: =ROUND(E76*H76,2) -> 0 | K76: =ROUND(E76*J76,2) -> 0 | L76: 21 | M76: =G76*(1+L76/100) -> 11015.84 | N76: 0.00021 | O76: =ROUND(E76*N76,2) -> 0 | P76: 0 | Q76: =ROUND(E76*P76,2) -> 0 | S76: RTS 19/ II | T76: RTS 19/ II | U76: 1.6504 | V76: =ROUND(E76*U76,2) -> 26.41 | X76: Práce | AG76: POL1_1
C77: tvarovky z tvárné litiny : | AG77: VV | AH77: 0
C78: 5,00+4,00+4,00+2,00+1,00 | E78: 16 | AG78: VV | AH78: 0
A79: 19 | B79: 890-001 | C79: D+M armatura tvárná litina šoupátko zemní dlouhá déka Š DN 100 | D79: kus | E79: 1 | F79: 10651 | G79: =ROUND(E79*F79,2) -> 10651 | I79: =ROUND(E79*H79,2) -> 0 | K79: =ROUND(E79*J79,2) -> 0 | L79: 21 | M79: =G79*(1+L79/100) -> 12887.71 | N79: 0 | O79: =ROUND(E79*N79,2) -> 0 | P79: 0 | Q79: =ROUND(E79*P79,2) -> 0 | S79: Vlastní | T79: Indiv | U79: 0 | V79: =ROUND(E79*U79,2) -> 0 | X79: Práce | AG79: POL1_1
A80: 20 | B80: 890-002 | C80: D+M armatura tvárná litina šoupátko krátká délka Š DN 100 | D80: kus | E80: 2 | F80: 5590 | G80: =ROUND(E80*F80,2) -> 11180 | I80: =ROUND(E80*H80,2) -> 0 | K80: =ROUND(E80*J80,2) -> 0 | L80: 21 | M80: =G80*(1+L80/100) -> 13527.8 | N80: 0 | O80: =ROUND(E80*N80,2) -> 0 | P80: 0 | Q80: =ROUND(E80*P80,2) -> 0 | S80: Vlastní | T80: Indiv | U80: 0 | V80: =ROUND(E80*U80,2) -> 0 | X80: Práce | AG80: POL1_1
A81: 21 | B81: 890-003 | C81: D+M armatura tvárná litina filtr DN 100 | D81: kus | E81: 1 | F81: 11417 | G81: =ROUND(E81*F81,2) -> 11417 | I81: =ROUND(E81*H81,2) -> 0 | K81: =ROUND(E81*J81,2) -> 0 | L81: 21 | M81: =G81*(1+L81/100) -> 13814.57 | N81: 0 | O81: =ROUND(E81*N81,2) -> 0 | P81: 0 | Q81: =ROUND(E81*P81,2) -> 0 | S81: Vlastní | T81: Indiv | U81: 0 | V81: =ROUND(E81*U81,2) -> 0 | X81: Práce | AG81: POL1_1
A82: 22 | B82: 890-004 | C82: D+M armatura tvárná litina montážní vložka DN 100 | D82: kus | E82: 1 | F82: 13596 | G82: =ROUND(E82*F82,2) -> 13596 | I82: =ROUND(E82*H82,2) -> 0 | K82: =ROUND(E82*J82,2) -> 0 | L82: 21 | M82: =G82*(1+L82/100) -> 16451.16 | N82: 0 | O82: =ROUND(E82*N82,2) -> 0 | P82: 0 | Q82: =ROUND(E82*P82,2) -> 0 | S82: Vlastní | T82: Indiv | U82: 0 | V82: =ROUND(E82*U82,2) -> 0 | X82: Práce | AG82: POL1_1
A83: 23 | B83: 890-005 | C83: D+M armatura tvárná litina zpětná klapka DN 100 | D83: kus | E83: 1 | F83: 11295 | G83: =ROUND(E83*F83,2) -> 11295 | I83: =ROUND(E83*H83,2) -> 0 | K83: =ROUND(E83*J83,2) -> 0 | L83: 21 | M83: =G83*(1+L83/100) -> 13666.95 | N83: 0 | O83: =ROUND(E83*N83,2) -> 0 | P83: 0 | Q83: =ROUND(E83*P83,2) -> 0 | S83: Vlastní | T83: Indiv | U83: 0 | V83: =ROUND(E83*U83,2) -> 0 | X83: Práce | AG83: POL1_1
A84: 24 | B84: 890-006 | C84: D+M armatura redukční ventil DN 50 přírubový | D84: kus | E84: 1 | F84: 2470 | G84: =ROUND(E84*F84,2) -> 2470 | I84: =ROUND(E84*H84,2) -> 0 | K84: =ROUND(E84*J84,2) -> 0 | L84: 21 | M84: =G84*(1+L84/100) -> 2988.7 | N84: 0 | O84: =ROUND(E84*N84,2) -> 0 | P84: 0 | Q84: =ROUND(E84*P84,2) -> 0 | S84: Vlastní | T84: Indiv | U84: 0 | V84: =ROUND(E84*U84,2) -> 0 | X84: Práce | AG84: POL1_1
A85: 25 | B85: 890-007 | C85: D+M poklop šoupátkový | D85: kus | E85: 1 | F85: 565 | G85: =ROUND(E85*F85,2) -> 565 | I85: =ROUND(E85*H85,2) -> 0 | K85: =ROUND(E85*J85,2) -> 0 | L85: 21 | M85: =G85*(1+L85/100) -> 683.65 | N85: 0 | O85: =ROUND(E85*N85,2) -> 0 | P85: 0 | Q85: =ROUND(E85*P85,2) -> 0 | S85: Vlastní | T85: Indiv | U85: 0 | V85: =ROUND(E85*U85,2) -> 0 | X85: Práce | AG85: POL1_1
A86: 26 | B86: 890-008 | C86: D+M zemní souprava teleskop. DN 100 Rd 1,2-1,8 m | D86: kus | E86: 1 | F86: 2034 | G86: =ROUND(E86*F86,2) -> 2034 | I86: =ROUND(E86*H86,2) -> 0 | K86: =ROUND(E86*J86,2) -> 0 | L86: 21 | M86: =G86*(1+L86/100) -> 2461.14 | N86: 0 | O86: =ROUND(E86*N86,2) -> 0 | P86: 0 | Q86: =ROUND(E86*P86,2) -> 0 | S86: Vlastní | T86: Indiv | U86: 0 | V86: =ROUND(E86*U86,2) -> 0 | X86: Práce | AG86: POL1_1
A87: 27 | B87: 890-009 | C87: D+M orientační tabulka pro šoupě | D87: kus | E87: 1 | F87: 1130 | G87: =ROUND(E87*F87,2) -> 1130 | I87: =ROUND(E87*H87,2) -> 0 | K87: =ROUND(E87*J87,2) -> 0 | L87: 21 | M87: =G87*(1+L87/100) -> 1367.3 | N87: 0 | O87: =ROUND(E87*N87,2) -> 0 | P87: 0 | Q87: =ROUND(E87*P87,2) -> 0 | S87: Vlastní | T87: Indiv | U87: 0 | V87: =ROUND(E87*U87,2) -> 0 | X87: Práce | AG87: POL1_1
A88: 28 | B88: 890-010 | C88: D+M ruční kolo k šoupátku DN 100 | D88: kus | E88: 2 | F88: 555 | G88: =ROUND(E88*F88,2) -> 1110 | I88: =ROUND(E88*H88,2) -> 0 | K88: =ROUND(E88*J88,2) -> 0 | L88: 21 | M88: =G88*(1+L88/100) -> 1343.1 | N88: 0 | O88: =ROUND(E88*N88,2) -> 0 | P88: 0 | Q88: =ROUND(E88*P88,2) -> 0 | S88: Vlastní | T88: Indiv | U88: 0 | V88: =ROUND(E88*U88,2) -> 0 | X88: Práce | AG88: POL1_1
A89: 29 | B89: 890-011 | C89: D+M MARKER modrý SM 2500 | D89: kus | E89: 3 | F89: 198 | G89: =ROUND(E89*F89,2) -> 594 | I89: =ROUND(E89*H89,2) -> 0 | K89: =ROUND(E89*J89,2) -> 0 | L89: 21 | M89: =G89*(1+L89/100) -> 718.74 | N89: 0 | O89: =ROUND(E89*N89,2) -> 0 | P89: 0 | Q89: =ROUND(E89*P89,2) -> 0 | S89: Vlastní | T89: Indiv | U89: 0 | V89: =ROUND(E89*U89,2) -> 0 | X89: Práce | AG89: POL1_1
A90: 30 | B90: 890-012 | C90: D+M elastomerová manžeta na hrdlový spoj DN 100 | D90: kus | E90: 4 | F90: 455 | G90: =ROUND(E90*F90,2) -> 1820 | I90: =ROUND(E90*H90,2) -> 0 | K90: =ROUND(E90*J90,2) -> 0 | L90: 21 | M90: =G90*(1+L90/100) -> 2202.2 | N90: 0 | O90: =ROUND(E90*N90,2) -> 0 | P90: 0 | Q90: =ROUND(E90*P90,2) -> 0 | S90: Vlastní | T90: Indiv | U90: 0 | V90: =ROUND(E90*U90,2) -> 0 | X90: Práce | AG90: POL1_1
... A98: 38 | B98: 899711122R00 | C98: Fólie výstražná z PVC, šířka 30 cm | D98: m | E98: 21.527 | F98: 12 | G98: =ROUND(E98*F98,2) -> 258.32 | I98: =ROUND(E98*H98,2) -> 0 | K98: =ROUND(E98*J98,2) -> 0 | L98: 21 | M98: =G98*(1+L98/100) -> 312.5672 | N98: 0 | O98: =ROUND(E98*N98,2) -> 0 | P98: 0 | Q98: =ROUND(E98*P98,2) -> 0 | S98: RTS 19/ II | T98: RTS 19/ II | U98: 0.026 | V98: =ROUND(E98*U98,2) -> 0.56 | X98: Práce | AG98: POL1_1
C99: 19,57*1,10 | E99: 21.53 | AG99: VV | AH99: 0
A100: 39 | B100: 900-001 | C100: Potrubí DN100 TL, těžká protikorozní ochrana (dle ČSN EN 545:2011 tl.stěny litiny min.4,7 mm) | D100: m | E100: 20.5485 | F100: 2225 | G100: =ROUND(E100*F100,2) -> 45720.41 | I100: =ROUND(E100*H100,2) -> 0 | K100: =ROUND(E100*J100,2) -> 0 | L100: 21 | M100: =G100*(1+L100/100) -> 55321.696 | N100: 0.028 | O100: =ROUND(E100*N100,2) -> 0.58 | P100: 0 | Q100: =ROUND(E100*P100,2) -> 0 | S100: Vlastní | T100: Indiv | U100: 0 | V100: =ROUND(E100*U100,2) -> 0 | X100: Práce | AG100: POL1_1
C101: potrubí DN100 : | AG101: VV | AH101: 0
C102: 19,57*1,05 | E102: 20.55 | AG102: VV | AH102: 0
A103: 40 | B103: 900-002 | C103: Tvarovka tvárná litina spojka E DN 100 | D103: kus | E103: 1 | F103: 2910 | G103: =ROUND(E103*F103,2) -> 2910 | I103: =ROUND(E103*H103,2) -> 0 | K103: =ROUND(E103*J103,2) -> 0 | L103: 21 | M103: =G103*(1+L103/100) -> 3521.1 | N103: 0 | O103: =ROUND(E103*N103,2) -> 0 | P103: 0 | Q103: =ROUND(E103*P103,2) -> 0 | S103: Vlastní | T103: Indiv | U103: 0 | V103: =ROUND(E103*U103,2) -> 0 | X103: Práce | AG103: POL1_1
A104: 41 | B104: 900-003 | C104: Tvarovka tvárná litina redukce FFR DN 100/50 | D104: kus | E104: 4 | F104: 3618 | G104: =ROUND(E104*F104,2) -> 14472 | I104: =ROUND(E104*H104,2) -> 0 | K104: =ROUND(E104*J104,2) -> 0 | L104: 21 | M104: =G104*(1+L104/100) -> 17511.12 | N104: 0 | O104: =ROUND(E104*N104,2) -> 0 | P104: 0 | Q104: =ROUND(E104*P104,2) -> 0 | S104: Vlastní | T104: Indiv | U104: 0 | V104: =ROUND(E104*U104,2) -> 0 | X104: Práce | AG104: POL1_1
A105: 42 | B105: 900-004 | C105: Tvarovka tvárná litina s volnou přírubou koleno Q DN 100/90° VP | D105: kus | E105: 1 | F105: 3967 | G105: =ROUND(E105*F105,2) -> 3967 | I105: =ROUND(E105*H105,2) -> 0 | K105: =ROUND(E105*J105,2) -> 0 | L105: 21 | M105: =G105*(1+L105/100) -> 4800.07 | N105: 0 | O105: =ROUND(E105*N105,2) -> 0 | P105: 0 | Q105: =ROUND(E105*P105,2) -> 0 | S105: Vlastní | T105: Indiv | U105: 0 | V105: =ROUND(E105*U105,2) -> 0 | X105: Práce | AG105: POL1_1
A106: 43 | B106: 900-005 | C106: Tvarovka tvárná litina patkové koleno N DN 100 | D106: kus | E106: 1 | F106: 7719 | G106: =ROUND(E106*F106,2) -> 7719 | I106: =ROUND(E106*H106,2) -> 0 | K106: =ROUND(E106*J106,2) -> 0 | L106: 21 | M106: =G106*(1+L106/100) -> 9339.99 | N106: 0 | O106: =ROUND(E106*N106,2) -> 0 | P106: 0 | Q106: =ROUND(E106*P106,2) -> 0 | S106: Vlastní | T106: Indiv | U106: 0 | V106: =ROUND(E106*U106,2) -> 0 | X106: Práce | AG106: POL1_1
A107: 44 | B107: 900-006 | C107: Tvarovka tvárná litina odbočka T DN 100/80 | D107: kus | E107: 2 | F107: 5095 | G107: =ROUND(E107*F107,2) -> 10190 | I107: =ROUND(E107*H107,2) -> 0 | K107: =ROUND(E107*J107,2) -> 0 | L107: 21 | M107: =G107*(1+L107/100) -> 12329.9 | N107: 0 | O107: =ROUND(E107*N107,2) -> 0 | P107: 0 | Q107: =ROUND(E107*P107,2) -> 0 | S107: Vlastní | T107: Indiv | U107: 0 | V107: =ROUND(E107*U107,2) -> 0 | X107: Práce | AG107: POL1_1
A108: 45 | B108: 900-007 | C108: Tvarovka tvárná litina přírubová spojka jištěná proti posunu DN 100 | D108: kus | E108: 2 | F108: 2894 | G108: =ROUND(E108*F108,2) -> 5788 | I108: =ROUND(E108*H108,2) -> 0 | K108: =ROUND(E108*J108,2) -> 0 | L108: 21 | M108: =G108*(1+L108/100) -> 7003.48 | N108: 0 | O108: =ROUND(E108*N108,2) -> 0 | P108: 0 | Q108: =ROUND(E108*P108,2) -> 0 | S108: Vlastní | T108: Indiv | U108: 0 | V108: =ROUND(E108*U108,2) -> 0 | X108: Práce | AG108: POL1_1
A109: 46 | B109: 900-008 | C109: Tvarovka tvárná litina závitová příruba DN 80 x 3/4" | D109: kus | E109: 2 | F109: 1872 | G109: =ROUND(E109*F109,2) -> 3744 | I109: =ROUND(E109*H109,2) -> 0 | K109: =ROUND(E109*J109,2) -> 0 | L109: 21 | M109: =G109*(1+L109/100) -> 4530.24 | N109: 0 | O109: =ROUND(E109*N109,2) -> 0 | P109: 0 | Q109: =ROUND(E109*P109,2) -> 0 | S109: Vlastní | T109: Indiv | U109: 0 | V109: =ROUND(E109*U109,2) -> 0 | X109: Práce | AG109: POL1_1
...

Sheet SO 602 SO 602 Pol
A1: Položkový rozpočet | AG1: #TypZaznamu#
A2: S: | B2: 2409.2 | C2: Český technologický park Brno, zóna C - objekty D, E, F - infrastruktura | AG2: STA
A3: O: | B3: SO 602 | C3: Vodovodní přípojka F | AC3: STA | AG3: OBJ
A4: R: | B4: SO 602 | C4: Vodovodní přípojka F | AG4: ROZ
A6: P.č. | B6: Číslo položky | C6: Název položky | D6: MJ | E6: Množství | F6: Cena / MJ | G6: Celkem | H6: Dodávka | I6: Dodávka celk. | J6: Montáž | K6: Montáž celk. | L6: DPH | M6: Cena s DPH | N6: Hmotnost / MJ | O6: Hmotnost celk.(t) | P6: Dem. hmotnost / MJ | Q6: Dem. hmotnost celk.(t) | R6: Ceník | S6: Cen. soustava / platnost | T6: Cenová úroveň | U6: Nhod / MJ | V6: Nhod celk. | W6: Dodavatel | X6: Typ položky
A8: Díl: | B8: 1 | C8: Zemní práce | G8: =SUMIF(AG9:AG57,"<>NOR",G9:G57) -> 16399.81 | I8: =SUM(I9:I57) -> 0 | K8: =SUM(K9:K57) -> 0 | M8: =SUM(M9:M57) -> 19843.77 | O8: =SUM(O9:O57) -> 7.75 | Q8: =SUM(Q9:Q57) -> 0 | V8: =SUM(V9:V57) -> 38.22 | AG8: DIL
A9: 1 | B9: 132201219R00 | C9: Přípl.za lepivost,hloubení rýh 200cm,hor.3,STROJNĚ | D9: m3 | E9: 9.3018 | F9: 26 | G9: =ROUND(E9*F9,2) -> 241.85 | I9: =ROUND(E9*H9,2) -> 0 | K9: =ROUND(E9*J9,2) -> 0 | L9: 21 | M9: =G9*(1+L9/100) -> 292.6385 | N9: 0 | O9: =ROUND(E9*N9,2) -> 0 | P9: 0 | Q9: =ROUND(E9*P9,2) -> 0 | S9: RTS 19/ II | T9: RTS 19/ II | U9: 0.084 | V9: =ROUND(E9*U9,2) -> 0.78 | X9: Práce | AG9: POL1_1
C10: přípojka F : | AG10: VV | AH10: 0
C11: Začátek provozního součtu | AG11: VV
C12: 8,25*1,10*2,05 | E12: 18.60375 | AG12: VV | AH12: 2
C13: Konec provozního součtu | AG13: VV
C14: 18,6037/2 | E14: 9.30185 | AG14: VV | AH14: 0
A15: 2 | B15: 132201211R00 | C15: Hloubení rýh š.do 200 cm hor.3 do 100 m3,STROJNĚ | D15: m3 | E15: 18.6037 | F15: 160 | G15: =ROUND(E15*F15,2) -> 2976.59 | I15: =ROUND(E15*H15,2) -> 0 | K15: =ROUND(E15*J15,2) -> 0 | L15: 21 | M15: =G15*(1+L15/100) -> 3601.6739 | N15: 0 | O15: =ROUND(E15*N15,2) -> 0 | P15: 0 | Q15: =ROUND(E15*P15,2) -> 0 | S15: RTS 19/ II | T15: RTS 19/ II | U15: 0.222 | V15: =ROUND(E15*U15,2) -> 4.13 | X15: Práce | AG15: POL1_1
C16: přípojka F : | AG16: VV | AH16: 0
C17: 8,25*1,10*2,05 | E17: 18.6 | AG17: VV | AH17: 0
