Workbook

Sheet Rekapitulace stavby
A1: Export VZ | D1: List obsahuje: | K1: 1) Rekapitulace stavby | W1: 2) Rekapitulace objektů stavby a soupisů prací | BA1: 3.0 | BT1: False | BU1: False | BV1: {6212bf4d-2552-47a0-ba0b-b6d5353c258d}
AR2: >> skryté sloupce << | BS2: 0,1 | BT2: 21
BS3: 0,01 | BT3: 15
D4: REKAPITULACE STAVBY | AS4: v --- níže se nacházejí doplnkové a pomocné údaje k sestavám --- v | BE4: Návod na vyplnění | BS4: 0,001
D5: Kód: | K5: 2018_10_26 | BE5: Měnit lze pouze buňky se žlutým podbarvením!_x000D_ _x000D_ 1) v Rekapitulaci stavby vyplňte údaje o Uchazeči (přenesou se do ostatních sestav i v jiných listech)_x000D_ _x000D_ 2) na vybraných listech vyplňte v sestavě Soupis prací ceny u položek_x000D_ _x000D_ Podrobnosti k vyplnění naleznete na poslední záložce s Pokyny pro vyplnění | BS5: 0,1
D6: Stavba: | K6: Akce Pasohlávky | BS6: 0,1
D7: KSO: | AK7: CC-CZ: | BS7: 0,1
D8: Místo: | K8: Pasohlávky | AK8: Datum: | AN8: 26. 10. 2018 | BS8: 0,1
BS9: 0,1
D10: Zadavatel: | AK10: IČ: | BS10: 0,1
E11: UNIFICA a.s., Příkop 834/8, 602 00 Brno | AK11: DIČ: | BS11: 0,1
BS12: 0,1
D13: Uchazeč: | AK13: IČ: | AN13: 292 22 745 | BS13: 0,1
E14: LP Staving s.r.o. | AK14: DIČ: | AN14: CZ29222745 | BS14: 0,1
BS15: False
D16: Projektant: | AK16: IČ: | BS16: False
E17: Ing. Arch. Pavel Jura | AK17: DIČ: | BS17: True
BS18: 0,01
D19: Poznámka: | BS19: 0,01
BS20: True
D23: Cena bez DPH | AK23: =ROUND(AG51,2) -> 11088857
L25: Sazba daně | W25: Základ daně | AK25: Výše daně
D26: DPH | F26: základní | L26: 0.21 | W26: =ROUND(AZ51,2) -> 11088857 | AK26: =ROUND(AV51,2) -> 2328660.1
F27: snížená | L27: 0.15 | W27: =ROUND(BA51,2) -> 0 | AK27: =ROUND(AW51,2) -> 0
F28: zákl. přenesená | L28: 0.21 | W28: =ROUND(BB51,2) -> 0 | AK28: 0
F29: sníž. přenesená | L29: 0.15 | W29: =ROUND(BC51,2) -> 0 | AK29: 0
F30: nulová | L30: 0 | W30: =ROUND(BD51,2) -> 0 | AK30: 0
D32: Cena s DPH | T32: v | X32: CZK | AK32: =SUM(AK23:AK30) -> 13417518
C39: REKAPITULACE OBJEKTŮ STAVBY A SOUPISŮ PRACÍ
C41: Kód: | L41: =K5 -> 2018_10_26
C42: Stavba: | L42: =K6 -> Akce Pasohlávky
C44: Místo: | L44: =IF(K8="","",K8) -> Pasohlávky | AI44: Datum: | AM44: =IF(AN8= "","",AN8) -> 26. 10. 2018
C46: Zadavatel: | L46: =IF(E11= "","",E11) -> UNIFICA a.s., Příkop 834/8, 602 00 Brno | AI46: Projektant: | AM46: =IF(E17="","",E17) -> Ing. Arch. Pavel Jura | AS46: Informatívní údaje z listů zakázek
C47: Uchazeč: | L47: =IF(E14= "Vyplň údaj","",E14) -> LP Staving s.r.o.
C49: Kód | I49: Objekt, Soupis prací | AG49: Cena bez DPH [CZK] | AN49: Cena s DPH [CZK] | AQ49: Typ | AS49: z toho Ostat._x000D_ náklady [CZK] | AT49: DPH [CZK] | AU49: Normohodiny [h] | AV49: DPH základní [CZK] | AW49: DPH snížená [CZK] | AX49: DPH základní přenesená_x000D_ [CZK] | AY49: DPH snížená přenesená_x000D_ [CZK] | AZ49: Základna_x000D_ DPH základní | BA49: Základna_x000D_ DPH snížená | BB49: Základna_x000D_ DPH zákl. přenesená | BC49: Základna_x000D_ DPH sníž. přenesená | BD49: Základna_x000D_ DPH nulová
C51: Náklady stavby celkem | AG51: =ROUND(SUM(AG52:AG52),2) -> 11088857 | AN51: =SUM(AG51,AT51) -> 13417518 | AS51: =ROUND(SUM(AS52:AS52),2) -> 0 | AT51: =ROUND(SUM(AV51:AW51),2) -> 2328660.1 | AU51: =ROUND(SUM(AU52:AU52),5) -> 0 | AV51: =ROUND(AZ51*L26,2) -> 2328660.1 | AW51: =ROUND(BA51*L27,2) -> 0 | AX51: =ROUND(BB51*L26,2) -> 0 | AY51: =ROUND(BC51*L27,2) -> 0 | AZ51: =ROUND(SUM(AZ52:AZ52),2) -> 11088857 | BA51: =ROUND(SUM(BA52:BA52),2) -> 0 | BB51: =ROUND(SUM(BB52:BB52),2) -> 0 | BC51: =ROUND(SUM(BC52:BC52),2) -> 0 | BD51: =ROUND(SUM(BD52:BD52),2) -> 0 | BS51: D | BT51: 0 | BU51: ###NOIMPORT### | BV51: IMPORT | BW51: {6212bf4d-2552-47a0-ba0b-b6d5353c258d} | BX51: {00000000-0000-0000-0000-000000000000}
A52: / | D52: Bytový dům | J52: Nájemní bydlení pro seniory Pasohlávky - bytový dům | AG52: ='Bytový dům - Nájemní bydl...'!J27 -> 11088857 | AN52: =AG52*1.21 -> 13417518 | AQ52: STA | AS52: 0 | AT52: =ROUND(SUM(AV52:AW52),2) -> 2328660.1 | AU52: ='Bytový dům - Nájemní bydl...'!P101 -> 0 | AV52: ='Bytový dům - Nájemní bydl...'!J30 -> 2328660.1 | AW52: ='Bytový dům - Nájemní bydl...'!J31 -> 0 | AX52: ='Bytový dům - Nájemní bydl...'!J32 -> 0 | AY52: ='Bytový dům - Nájemní bydl...'!J33 -> 0 | AZ52: ='Bytový dům - Nájemní bydl...'!F30 -> 11088857 | BA52: ='Bytový dům - Nájemní bydl...'!F31 -> 0 | BB52: ='Bytový dům - Nájemní bydl...'!F32 -> 0 | BC52: ='Bytový dům - Nájemní bydl...'!F33 -> 0 | BD52: ='Bytový dům - Nájemní bydl...'!F34 -> 0 | BT52: 1 | BV52: IMPORT | BW52: {559dd78e-0e69-4e0c-8963-30de3dd20e1c} | BX52: {6212bf4d-2552-47a0-ba0b-b6d5353c258d} | CM52: 2

Sheet Bytový dům - Nájemní bydl...
D1: List obsahuje: | F1: 1) Krycí list soupisu | G1: 2) Rekapitulace | J1: 3) Soupis prací | K1: Zpět na list: | L1: Rekapitulace stavby
L2: >> skryté sloupce << | AT2: {559dd78e-0e69-4e0c-8963-30de3dd20e1c}
AT3: 2
D4: KRYCÍ LIST SOUPISU | M4: v --- níže se nacházejí doplnkové a pomocné údaje k sestavám --- v | AT4: False
D6: Stavba:
E7: ='Rekapitulace stavby'!K6 -> Akce Pasohlávky
D8: Objekt:
E9: Bytový dům - Nájemní bydlení pro seniory Pasohlávky - bytový dům
D11: KSO: | I11: CC-CZ:
D12: Místo: | F12: Pasohlávky | I12: Datum: | J12: ='Rekapitulace stavby'!AN8 -> 26. 10. 2018
D14: Zadavatel: | I14: IČ:
E15: UNIFICA a.s., Příkop 834/8, 602 00 Brno | I15: DIČ:
D17: Uchazeč: | I17: IČ: | J17: =IF('Rekapitulace stavby'!AN13="Vyplň údaj","",IF('Rekapitulace stavby'!AN13="","",'Rekapitulace stavby'!AN13)) -> 292 22 745
E18: =IF('Rekapitulace stavby'!E14="Vyplň údaj","",IF('Rekapitulace stavby'!E14="","",'Rekapitulace stavby'!E14)) -> LP Staving s.r.o. | I18: DIČ: | J18: =IF('Rekapitulace stavby'!AN14="Vyplň údaj","",IF('Rekapitulace stavby'!AN14="","",'Rekapitulace stavby'!AN14)) -> CZ29222745
D20: Projektant: | I20: IČ:
E21: Ing. Arch. Pavel Jura | I21: DIČ:
D23: Poznámka:
D27: Cena bez DPH | J27: =ROUND(J101,2) -> 11088857
F29: Základ daně | I29: Sazba daně | J29: Výše daně
D30: DPH | E30: základní | F30: =J27 -> 11088857 | I30: 0.21 | J30: =F30*0.21 -> 2328660.1
E31: snížená | F31: =ROUND(SUM(BF101:BF911), 2) -> 0 | I31: 0.15 | J31: =ROUND(ROUND((SUM(BF101:BF911)), 2)*I31, 2) -> 0
E32: zákl. přenesená | F32: =ROUND(SUM(BG101:BG911), 2) -> 0 | I32: 0.21 | J32: 0
E33: sníž. přenesená | F33: =ROUND(SUM(BH101:BH911), 2) -> 0 | I33: 0.15 | J33: 0
E34: nulová | F34: =ROUND(SUM(BI101:BI911), 2) -> 0 | I34: 0 | J34: 0
D36: Cena s DPH | G36: v | H36: CZK | J36: =SUM(J27:J34) -> 13417518
C42: REKAPITULACE ČLENĚNÍ SOUPISU PRACÍ
C44: Stavba:
E45: =E7 -> Akce Pasohlávky
C46: Objekt:
E47: =E9 -> Bytový dům - Nájemní bydlení pro seniory Pasohlávky - bytový dům
C49: Místo: | F49: =F12 -> Pasohlávky | I49: Datum: | J49: =IF(J12="","",J12) -> 26. 10. 2018
C51: Zadavatel: | F51: =E15 -> UNIFICA a.s., Příkop 834/8, 602 00 Brno | I51: Projektant: | J51: =E21 -> Ing. Arch. Pavel Jura
C52: Uchazeč: | F52: =IF(E18="","",E18) -> LP Staving s.r.o.
C54: Kód dílu - Popis | J54: Cena celkem [CZK]
C56: Náklady soupisu celkem | J56: =J101 -> 11088857 | AU56: -1
D57: HSV - Práce a dodávky HSV | J57: =SUM(J58:J64) -> 3898781
D58: 1 - Zemní práce | J58: =J103 -> 125236.54
D59: 2 - Zakládání | J59: =J117 -> 266368.9
D60: 3 - Svislé a kompletní konstrukce | J60: =J141 -> 943588.63
D61: 4 - Vodorovné konstrukce | J61: =J196 -> 1123782.5
D62: 6 - Úpravy povrchů, podlahy a osazování výplní | J62: =J271 -> 1159924.2
D63: 9 - Ostatní konstrukce a práce, bourání | J63: =J455 -> 178889.17
D64: 998 - Přesun hmot | J64: =J483 -> 100991
D65: PSV - Práce a dodávky PSV | J65: =SUM(J66:J78) -> 4138826.4
D66: 711 - Izolace proti vodě, vlhkosti a plynům | J66: =J486 -> 109909.04
D67: 712 - Povlakové krytiny | J67: =J547 -> 95425.71
D68: 713 - Izolace tepelné | J68: =J596 -> 246724.78
D69: 762 - Konstrukce tesařské | J69: =J638 -> 404927.57
D70: 763 - Konstrukce suché výstavby | J70: =J689 -> 213010.18
D71: 764 - Konstrukce klempířské | J71: =J703 -> 295104.43
D72: 765 - Krytina skládaná | J72: =J729 -> 15343.3
D73: 766 - Konstrukce truhlářské | J73: =J735 -> 107175.87
D74: 767 - Konstrukce zámečnické | J74: =J761 -> 1799630.8
D75: 771 - Podlahy z dlaždic | J75: =J795 -> 163415.61
D76: 775 - Podlahy skládané | J76: =J834 -> 470366.72
D77: 781 - Dokončovací práce - obklady | J77: =J857 -> 175881.72
D78: 784 - Dokončovací práce - malby a tapety | J78: =J879 -> 41910.66
D79: N00 - Vnitřní TZB - jinde položkově nespecifikované | J79: =J900 -> 3051250
D80: VRN - Vedlejší rozpočtové náklady | J80: =J905 -> 0
D81: R - Rezerva | J81: =J909 -> 0
C88: SOUPIS PRACÍ
C90: Stavba:
E91: =E7 -> Akce Pasohlávky
C92: Objekt:
E93: =E9 -> Bytový dům - Nájemní bydlení pro seniory Pasohlávky - bytový dům
C95: Místo: | F95: =F12 -> Pasohlávky | I95: Datum: | J95: =IF(J12="","",J12) -> 26. 10. 2018
C97: Zadavatel: | F97: =E15 -> UNIFICA a.s., Příkop 834/8, 602 00 Brno | I97: Projektant: | J97: =E21 -> Ing. Arch. Pavel Jura
C98: Uchazeč: | F98: =IF(E18="","",E18) -> LP Staving s.r.o.
C100: PČ | D100: Typ | E100: Kód | F100: Popis | G100: MJ | H100: Množství | I100: J.cena [CZK] | J100: Cena celkem [CZK] | K100: Cenová soustava | M100: Poznámka | N100: DPH | O100: J. Nh [h] | P100: Nh celkem [h] | Q100: J. hmotnost_x000D_ [t] | R100: Hmotnost_x000D_ celkem [t] | S100: J. suť [t] | T100: Suť Celkem [t]
C101: Náklady soupisu celkem | J101: =SUM(J102+J485+J900+J905) -> 11088857 | P101: =P102+P485+P900+P905+P909 -> 0 | R101: =R102+R485+R900+R905+R909 -> 517.82119 | T101: =T102+T485+T900+T905+T909 -> 0 | AT101: D | AU101: -1 | BK101: =BK102+BK485+BK900+BK905+BK909 -> 10275000
D102: D | E102: HSV | F102: Práce a dodávky HSV | J102: =SUM(J103+J117+J141+J196+J271+J455+J483) -> 3898781 | P102: =P103+P117+P141+P196+P271+P455+P483 -> 0 | R102: =R103+R117+R141+R196+R271+R455+R483 -> 479.7886 | T102: =T103+T117+T141+T196+T271+T455+T483 -> 0 | AR102: 1 | AT102: D | AU102: 0 | AY102: ROZPOCET | BK102: =BK103+BK117+BK141+BK196+BK271+BK455+BK483 -> 3573492.2
D103: D | E103: 1 | F103: Zemní práce | J103: =SUM(J104:J115) -> 125236.54 | P103: =SUM(P104:P114) -> 0 | R103: =SUM(R104:R114) -> 0 | T103: =SUM(T104:T114) -> 0 | AR103: 1 | AT103: D | AU103: 1 | AY103: ROZPOCET | BK103: =SUM(BK104:BK114) -> 118276.16
C104: 1 | D104: K | E104: 131201101 | F104: Hloubení jam nezapažených v hornině tř. 3 objemu do 100 m3 | G104: m3 | H104: =H106 -> 91.26 | I104: 230 | J104: =ROUND(I104*H104,2) -> 20989.8 | K104: CS ÚRS 2018 01 | N104: základní | P104: =O104*H104 -> 0 | Q104: 0 | R104: =Q104*H104 -> 0 | S104: 0 | T104: =S104*H104 -> 0 | AR104: 4 | AT104: K | AU104: 2 | AY104: ROZPOCET | BE104: =IF(N104="základní",J104,0) -> 20989.8 | BF104: =IF(N104="snížená",J104,0) -> 0 | BG104: =IF(N104="zákl. přenesená",J104,0) -> 0 | BH104: =IF(N104="sníž. přenesená",J104,0) -> 0 | BI104: =IF(N104="nulová",J104,0) -> 0 | BJ104: 1 | BK104: =ROUND(I104*H104,2) -> 20989.8 | BL104: 4 | BM104: -1107740402
D105: VV | F105: hloubení jam budovy | I105: 0 | AT105: VV | AU105: 2 | AV105: 1 | AW105: True | AX105: 0 | AY105: ROZPOCET
D106: VV | F106: (14,9+2*1)*(10+2*1)*0,45 | H106: 91.26 | I106: 0 | AT106: VV | AU106: 2 | AV106: 2 | AW106: True | AX106: 1 | AY106: ROZPOCET
C107: 2 | D107: K | E107: 131201109 | F107: Příplatek za lepivost u hloubení jam nezapažených v hornině tř. 3 | G107: m3 | H107: =H104 -> 91.26 | I107: 17.25 | J107: =ROUND(I107*H107,2) -> 1574.24 | K107: CS ÚRS 2018 01 | N107: základní | P107: =O107*H107 -> 0 | Q107: 0 | R107: =Q107*H107 -> 0 | S107: 0 | T107: =S107*H107 -> 0 | AR107: 4 | AT107: K | AU107: 2 | AY107: ROZPOCET | BE107: =IF(N107="základní",J107,0) -> 1574.24 | BF107: =IF(N107="snížená",J107,0) -> 0 | BG107: =IF(N107="zákl. přenesená",J107,0) -> 0 | BH107: =IF(N107="sníž. přenesená",J107,0) -> 0 | BI107: =IF(N107="nulová",J107,0) -> 0 | BJ107: 1 | BK107: =ROUND(I107*H107,2) -> 1574.24 | BL107: 4 | BM107: 251803186
C108: 3 | D108: K | E108: 132201201 | F108: Hloubení rýh š do 2000 mm v hornině tř. 3 objemu do 100 m3 | G108: m3 | H108: =H109 -> 24.2305 | I108: 287.5 | J108: =ROUND(I108*H108,2) -> 6966.27 | K108: CS ÚRS 2018 01 | N108: základní | P108: =O108*H108 -> 0 | Q108: 0 | R108: =Q108*H108 -> 0 | S108: 0 | T108: =S108*H108 -> 0 | AR108: 4 | AT108: K | AU108: 2 | AY108: ROZPOCET | BE108: =IF(N108="základní",J108,0) -> 6966.27 | BF108: =IF(N108="snížená",J108,0) -> 0 | BG108: =IF(N108="zákl. přenesená",J108,0) -> 0 | BH108: =IF(N108="sníž. přenesená",J108,0) -> 0 | BI108: =IF(N108="nulová",J108,0) -> 0 | BJ108: 1 | BK108: =ROUND(I108*H108,2) -> 6966.27 | BL108: 4 | BM108: 989621030
D109: VV | F109: ((15,175*0,6*2)+(8,8*0,6*4))*0,5+(1,6*0,2*2+2*0,3*4+1,9*0,2*2+2,4*0,2*2+1,6*0,3+1*0,3+1,2*0,3+0,3*0,3+0,9*0,3+1,5*0,3*2+1,25*0,3)*0,5+1,4*0,6*0,95 | H109: =((15.175*0.6*2)+(8.8*0.6*4))*0.5+(1.6*0.2*2+2*0.3*4+1.9*0.2*2+2.4*0.2*2+1.6*0.3+1*0.3+1.2*0.3+0.3*0.3+0.9*0.3+1.5*0.3*2+1.25*0.3)*0.5+1.4*0.6*0.95 -> 24.2305 | I109: 0 | AT109: VV | AU109: 2 | AV109: 2 | AW109: True | AX109: 1 | AY109: ROZPOCET
C110: 4 | D110: K | E110: 132201209 | F110: Příplatek za lepivost k hloubení rýh š do 2000 mm v hornině tř. 3 | G110: m3 | H110: =H108 -> 24.2305 | I110: 23 | J110: =ROUND(I110*H110,2) -> 557.3 | K110: CS ÚRS 2018 01 | N110: základní | P110: =O110*H110 -> 0 | Q110: 0 | R110: =Q110*H110 -> 0 | S110: 0 | T110: =S110*H110 -> 0 | AR110: 4 | AT110: K | AU110: 2 | AY110: ROZPOCET | BE110: =IF(N110="základní",J110,0) -> 557.3 | BF110: =IF(N110="snížená",J110,0) -> 0 | BG110: =IF(N110="zákl. přenesená",J110,0) -> 0 | BH110: =IF(N110="sníž. přenesená",J110,0) -> 0 | BI110: =IF(N110="nulová",J110,0) -> 0 | BJ110: 1 | BK110: =ROUND(I110*H110,2) -> 557.3 | BL110: 4 | BM110: 959329115
C111: 5 | D111: K | E111: 162701105 | F111: Vodorovné přemístění do 10000 m výkopku/sypaniny z horniny tř. 1 až 4 | G111: m3 | H111: =H112 -> 115.4905 | I111: 287.5 | J111: =ROUND(I111*H111,2) -> 33203.52 | K111: CS ÚRS 2018 01 | N111: základní | P111: =O111*H111 -> 0 | Q111: 0 | R111: =Q111*H111 -> 0 | S111: 0 | T111: =S111*H111 -> 0 | AR111: 4 | AT111: K | AU111: 2 | AY111: ROZPOCET | BE111: =IF(N111="základní",J111,0) -> 33203.52 | BF111: =IF(N111="snížená",J111,0) -> 0 | BG111: =IF(N111="zákl. přenesená",J111,0) -> 0 | BH111: =IF(N111="sníž. přenesená",J111,0) -> 0 | BI111: =IF(N111="nulová",J111,0) -> 0 | BJ111: 1 | BK111: =ROUND(I111*H111,2) -> 33203.52 | BL111: 4 | BM111: 278834626
D112: VV | F112: 91,26+24,231 | H112: =H104+H108 -> 115.4905 | I112: 0 | AT112: VV | AU112: 2 | AV112: 2 | AW112: True | AX112: 1 | AY112: ROZPOCET
C113: 6 | D113: K | E113: 171201211 | F113: Poplatek za uložení stavebního odpadu - zeminy a kameniva na skládce | G113: t | H113: =H114 -> 207.8829 | I113: 264.5 | J113: =ROUND(I113*H113,2) -> 54985.03 | K113: CS ÚRS 2018 01 | N113: základní | P113: =O113*H113 -> 0 | Q113: 0 | R113: =Q113*H113 -> 0 | S113: 0 | T113: =S113*H113 -> 0 | AR113: 4 | AT113: K | AU113: 2 | AY113: ROZPOCET | BE113: =IF(N113="základní",J113,0) -> 54985.03 | BF113: =IF(N113="snížená",J113,0) -> 0 | BG113: =IF(N113="zákl. přenesená",J113,0) -> 0 | BH113: =IF(N113="sníž. přenesená",J113,0) -> 0 | BI113: =IF(N113="nulová",J113,0) -> 0 | BJ113: 1 | BK113: =ROUND(I113*H113,2) -> 54985.03 | BL113: 4 | BM113: 1788473173
D114: VV | F114: 114,693*1,8 | H114: =H111*1.8 -> 207.8829 | I114: 0 | J114: =ROUND(I114*H114,2) -> 0 | AT114: VV | AU114: 2 | AV114: 2 | AW114: True | AX114: 1 | AY114: ROZPOCET
F115: Zpětný zásyp vytěženou zeminou vč. zhutnění a přesunu zeminy ze vzdálenosti do 50m | G115: m3 | H115: =H116 -> 24.21 | I115: 287.5 | J115: =ROUND(I115*H115,2) -> 6960.38
F116: (16,9*2+10*2)*0,45 | H116: =(16.9*2+10*2)*0.45 -> 24.21 | I116: 0
D117: D | E117: 2 | F117: Zakládání | I117: 0 | J117: =SUM(J118:J139) -> 266368.9 | P117: =SUM(P118:P138) -> 0 | R117: =SUM(R118:R138) -> 179.39355 | T117: =SUM(T118:T138) -> 0 | AR117: 1 | AT117: D | AU117: 1 | AY117: ROZPOCET | BK117: =SUM(BK118:BK138) -> 263493.9
C118: 7 | D118: K | E118: 271532212 | F118: Podsyp pod základové konstrukce se zhutněním z hrubého kameniva frakce 16 až 32 mm | G118: m3 | H118: =H119 -> 28.6875 | I118: 1322.5 | J118: =ROUND(I118*H118,2) -> 37939.22 | K118: CS ÚRS 2018 01 | N118: základní | P118: =O118*H118 -> 0 | Q118: 2.16 | R118: =Q118*H118 -> 61.965 | S118: 0 | T118: =S118*H118 -> 0 | AR118: 4 | AT118: K | AU118: 2 | AY118: ROZPOCET | BE118: =IF(N118="základní",J118,0) -> 37939.22 | BF118: =IF(N118="snížená",J118,0) -> 0 | BG118: =IF(N118="zákl. přenesená",J118,0) -> 0 | BH118: =IF(N118="sníž. přenesená",J118,0) -> 0 | BI118: =IF(N118="nulová",J118,0) -> 0 | BJ118: 1 | BK118: =ROUND(I118*H118,2) -> 37939.22 | BL118: 4 | BM118: -18370406
D119: VV | F119: (4,425*9+4,45*9+3,875*9)*0,25 | H119: =(4.425*9+4.45*9+3.875*9)*0.25 -> 28.6875 | I119: 0 | AT119: VV | AU119: 2 | AV119: 2 | AW119: True | AX119: 1 | AY119: ROZPOCET
C120: 8 | D120: K | E120: 273321511 | F120: Základové desky ze ŽB bez zvýšených nároků na prostředí tř. C 25/30 | G120: m3 | H120: =H122 -> 16.704 | I120: 3214.25 | J120: =ROUND(I120*H120,2) -> 53690.83 | K120: CS ÚRS 2018 01 | N120: základní | P120: =O120*H120 -> 0 | Q120: 2.45329 | R120: =Q120*H120 -> 40.979756 | S120: 0 | T120: =S120*H120 -> 0 | AR120: 4 | AT120: K | AU120: 2 | AY120: ROZPOCET | BE120: =IF(N120="základní",J120,0) -> 53690.83 | BF120: =IF(N120="snížená",J120,0) -> 0 | BG120: =IF(N120="zákl. přenesená",J120,0) -> 0 | BH120: =IF(N120="sníž. přenesená",J120,0) -> 0 | BI120: =IF(N120="nulová",J120,0) -> 0 | BJ120: 1 | BK120: =ROUND(I120*H120,2) -> 53690.83 | BL120: 4 | BM120: 4587962
D121: VV | F121: základová deska | I121: 0 | AT121: VV | AU121: 2 | AV121: 1 | AW121: True | AX121: 0 | AY121: ROZPOCET
D122: VV | F122: 14,5*9,6*0,12 | H122: =14.5*9.6*0.12 -> 16.704 | I122: 0 | AT122: VV | AU122: 2 | AV122: 2 | AW122: True | AX122: 1 | AY122: ROZPOCET
C123: 9 | D123: K | E123: 273351121 | F123: Zřízení bednění základových desek | G123: m2 | H123: 4.82 | I123: 2070 | J123: =ROUND(I123*H123,2) -> 9977.4 | K123: CS ÚRS 2018 01 | N123: základní | P123: =O123*H123 -> 0 | Q123: 0.00247 | R123: =Q123*H123 -> 0.0119054 | S123: 0 | T123: =S123*H123 -> 0 | AR123: 4 | AT123: K | AU123: 2 | AY123: ROZPOCET | BE123: =IF(N123="základní",J123,0) -> 9977.4 | BF123: =IF(N123="snížená",J123,0) -> 0 | BG123: =IF(N123="zákl. přenesená",J123,0) -> 0 | BH123: =IF(N123="sníž. přenesená",J123,0) -> 0 | BI123: =IF(N123="nulová",J123,0) -> 0 | BJ123: 1 | BK123: =ROUND(I123*H123,2) -> 9977.4 | BL123: 4 | BM123: -2136196144
D124: VV | F124: (2*14,5+2*9,6)*0,1 | H124: 4.82 | I124: 0 | AT124: VV | AU124: 2 | AV124: 2 | AW124: True | AX124: 1 | AY124: ROZPOCET
C125: 10 | D125: K | E125: 273351122 | F125: Odstranění bednění základových desek | G125: m2 | H125: 4.82 | I125: 115 | J125: =ROUND(I125*H125,2) -> 554.3 | K125: CS ÚRS 2018 01 | N125: základní | P125: =O125*H125 -> 0 | Q125: 0 | R125: =Q125*H125 -> 0 | S125: 0 | T125: =S125*H125 -> 0 | AR125: 4 | AT125: K | AU125: 2 | AY125: ROZPOCET | BE125: =IF(N125="základní",J125,0) -> 554.3 | BF125: =IF(N125="snížená",J125,0) -> 0 | BG125: =IF(N125="zákl. přenesená",J125,0) -> 0 | BH125: =IF(N125="sníž. přenesená",J125,0) -> 0 | BI125: =IF(N125="nulová",J125,0) -> 0 | BJ125: 1 | BK125: =ROUND(I125*H125,2) -> 554.3 | BL125: 4 | BM125: -1601933310
C126: 11 | D126: K | E126: 273361821 | F126: Výztuž základových desek betonářskou ocelí 10 505 ® 8/150/150 | G126: t | H126: =H127 -> 0.9396 | I126: 46000 | J126: =ROUND(I126*H126,2) -> 43221.6 | K126: CS ÚRS 2018 01 | N126: základní | P126: =O126*H126 -> 0 | Q126: 1.06017 | R126: =Q126*H126 -> 0.99613573 | S126: 0 | T126: =S126*H126 -> 0 | AR126: 4 | AT126: K | AU126: 2 | AY126: ROZPOCET | BE126: =IF(N126="základní",J126,0) -> 43221.6 | BF126: =IF(N126="snížená",J126,0) -> 0 | BG126: =IF(N126="zákl. přenesená",J126,0) -> 0 | BH126: =IF(N126="sníž. přenesená",J126,0) -> 0 | BI126: =IF(N126="nulová",J126,0) -> 0 | BJ126: 1 | BK126: =ROUND(I126*H126,2) -> 43221.6 | BL126: 4 | BM126: -1062995904
D127: VV | F127: (139,2/6)*0,0324*1,25 | H127: 0.9396 | I127: 0 | AT127: VV | AU127: 2 | AV127: 2 | AW127: True | AX127: 1 | AY127: ROZPOCET
C128: 12 | D128: K | E128: 274321511 | F128: Základové pasy ze ŽB bez zvýšených nároků na prostředí tř. C 25/30 | G128: m3 | H128: =H129 -> 24.2305 | I128: 3156.75 | J128: =ROUND(I128*H128,2) -> 76489.63 | K128: CS ÚRS 2018 01 | N128: základní | P128: =O128*H128 -> 0 | Q128: 2.45329 | R128: =Q128*H128 -> 59.444443 | S128: 0 | T128: =S128*H128 -> 0 | AR128: 4 | AT128: K | AU128: 2 | AY128: ROZPOCET | BE128: =IF(N128="základní",J128,0) -> 76489.63 | BF128: =IF(N128="snížená",J128,0) -> 0 | BG128: =IF(N128="zákl. přenesená",J128,0) -> 0 | BH128: =IF(N128="sníž. přenesená",J128,0) -> 0 | BI128: =IF(N128="nulová",J128,0) -> 0 | BJ128: 1 | BK128: =ROUND(I128*H128,2) -> 76489.63 | BL128: 4 | BM128: -138090822
D129: VV | F129: ((15,175*0,6*2)+(8,8*0,6*4))*0,5+(1,6*0,2*2+2*0,3*4+1,9*0,2*2+2,4*0,2*2+1,6*0,3+1*0,3+1,2*0,3+0,3*0,3+0,9*0,3+1,5*0,3*2+1,25*0,3)*0,5+1,4*0,6*0,95 | H129: =((15.175*0.6*2)+(8.8*0.6*4))*0.5+(1.6*0.2*2+2*0.3*4+1.9*0.2*2+2.4*0.2*2+1.6*0.3+1*0.3+1.2*0.3+0.3*0.3+0.9*0.3+1.5*0.3*2+1.25*0.3)*0.5+1.4*0.6*0.95 -> 24.2305 | I129: 0 | AT129: VV | AU129: 2 | AV129: 2 | AW129: True | AX129: 1 | AY129: ROZPOCET
C130: 13 | D130: K | E130: 274351121 | F130: Zřízení bednění základových pasů rovného | G130: m2 | H130: 0 | I130: 598 | J130: =ROUND(I130*H130,2) -> 0 | K130: CS ÚRS 2018 01 | N130: základní | P130: =O130*H130 -> 0 | Q130: 0.00269 | R130: =Q130*H130 -> 0 | S130: 0 | T130: =S130*H130 -> 0 | AR130: 4 | AT130: K | AU130: 2 | AY130: ROZPOCET | BE130: =IF(N130="základní",J130,0) -> 0 | BF130: =IF(N130="snížená",J130,0) -> 0 | BG130: =IF(N130="zákl. přenesená",J130,0) -> 0 | BH130: =IF(N130="sníž. přenesená",J130,0) -> 0 | BI130: =IF(N130="nulová",J130,0) -> 0 | BJ130: 1 | BK130: =ROUND(I130*H130,2) -> 0 | BL130: 4 | BM130: -1681668787
D131: VV | F131: (10+15,175+10,55+14,9+0,2*6+0,3*4+055*2+0,25+4,175*2+8,8*6+4,15*2+4,175*2+0,2*12+0,3*8+0,3*4+0,5*2)*0,5 | H131: =(10+15.175+10.55+14.9+0.2*6+0.3*4+55*2+0.25+4.175*2+8.8*6+4.15*2+4.175*2+0.2*12+0.3*8+0.3*4+0.5*2)*0.5 -> 124.0375 | I131: 0 | AT131: VV | AU131: 2 | AV131: 2 | AW131: True | AX131: 1 | AY131: ROZPOCET
...

Sheet Pokyny pro vyplnění
C3: Struktura údajů, formát souboru a metodika pro zpracování
C4: Struktura
C6: Soubor je složen ze záložky Rekapitulace stavby a záložek s názvem soupisu prací pro jednotlivé objekty ve formátu XLSX. Každá ze záložek přitom obsahuje
C7: ještě samostatné sestavy vymezené orámovaním a nadpisem sestavy.
C9: Rekapitulace stavby obsahuje sestavu Rekapitulace stavby a Rekapitulace objektů stavby a soupisů prací.
D10: V sestavě Rekapitulace stavby jsou uvedeny informace identifikující předmět veřejné zakázky na stavební práce, KSO, CC-CZ, CZ-CPV, CZ-CPA a rekapitulaci
D11: celkové nabídkové ceny uchazeče.
D13: V sestavě Rekapitulace objektů stavby a soupisů prací je uvedena rekapitulace stavebních objektů, inženýrských objektů, provozních souborů,
D14: vedlejších a ostatních nákladů a ostatních nákladů s rekapitulací nabídkové ceny za jednotlivé soupisy prací. Na základě údaje Typ je možné
D15: identifikovat, zda se jedná o objekt nebo soupis prací pro daný objekt:
E16: STA | F16: Stavební objekt pozemní
E17: ING | F17: Stavební objekt inženýrský
E18: PRO | F18: Provozní soubor
E19: VON | F19: Vedlejší a ostatní náklady
E20: OST | F20: Ostatní
E21: Soupis | F21: Soupis prací pro daný typ objektu
C23: Soupis prací pro jednotlivé objekty obsahuje sestavy Krycí list soupisu, Rekapitulace členění soupisu prací, Soupis prací. Za soupis prací může být považován
C24: i objekt stavby v případě, že neobsahuje podřízenou zakázku.
D25: Krycí list soupisu obsahuje rekapitulaci informací o předmětu veřejné zakázky ze sestavy Rekapitulace stavby, informaci o zařazení objektu do KSO,
D26: CC-CZ, CZ-CPV, CZ-CPA a rekapitulaci celkové nabídkové ceny uchazeče za aktuální soupis prací.
D28: Rekapitulace členění soupisu prací obsahuje rekapitulaci soupisu prací ve všech úrovních členění soupisu tak, jak byla tato členění použita (např.
D29: stavební díly, funkční díly, případně jiné členění) s rekapitulací nabídkové ceny.
D31: Soupis prací obsahuje položky veškerých stavebních nebo montážních prací, dodávek materiálů a služeb nezbytných pro zhotovení stavebního objektu,
D32: inženýrského objektu, provozního souboru, vedlejších a ostatních nákladů.
D33: Pro položky soupisu prací se zobrazují následující informace:
E34: PČ | G34: Pořadové číslo položky v aktuálním soupisu
E35: TYP | G35: Typ položky: K - konstrukce, M - materiál, PP - plný popis, PSC - poznámka k souboru cen, P - poznámka k položce, VV - výkaz výměr
E36: Kód | G36: Kód položky
E37: Popis | G37: Zkrácený popis položky
E38: MJ | G38: Měrná jednotka položky
E39: Množství | G39: Množství v měrné jednotce
E40: J.cena | G40: Jednotková cena položky. Zadaní může obsahovat namísto J.ceny sloupce J.materiál a J.montáž, jejichž součet definuje
G41: J.cenu položky.
E42: Cena celkem | G42: Celková cena položky daná jako součin množství a j.ceny
E43: Cenová soustava | G43: Příslušnost položky do cenové soustavy
D45: Ke každé položce soupisu prací se na samostatných řádcích může zobrazovat:
E46: Plný popis položky
E47: Poznámka k souboru cen a poznámka zadavatele
E48: Výkaz výměr
D49: Pokud je k řádku výkazu výměr evidovaný údaj ve sloupci Kód, jedná se o definovaný odkaz, na který se může odvolávat výkaz výměr z jiné položky.
C50: Metodika pro zpracování
C52: Jednotlivé sestavy jsou v souboru provázány. Editovatelné pole jsou zvýrazněny žlutým podbarvením, ostatní pole neslouží k editaci a nesmí být jakkoliv
C53: modifikovány.
C55: Uchazeč je pro podání nabídky povinen vyplnit žlutě podbarvená pole:
D56: Pole Uchazeč v sestavě Rekapitulace stavby - zde uchazeč vyplní svůj název (název subjektu)
D57: Pole IČ a DIČ v sestavě Rekapitulace stavby - zde uchazeč vyplní svoje IČ a DIČ
D58: Datum v sestavě Rekapitulace stavby - zde uchazeč vyplní datum vytvoření nabídky
D59: J.cena = jednotková cena v sestavě Soupis prací o maximálním počtu desetinných míst uvedených v poli
D60: - pokud sestavy soupisů prací obsahují pole J.cena, musí být všechna tato pole vyplněna nenulovými kladnými číslicemi
D61: Poznámka - nepovinný údaj pro položku soupisu
D63: V případě, že sestavy soupisů prací neobsahují pole J.cena, potom ve všech soupisech prací obsahují pole:
D64: - J.materiál - jednotková cena materiálu
D65: - J.montáž - jednotková cena montáže
D66: Uchazeč je v tomto případě povinen vyplnit všechna pole J.materiál a pole J.montáž nenulovými kladnými číslicemi. V případech, kdy položka
D67: neobsahuje žádný materiál je přípustné, aby pole J.materiál bylo vyplněno nulou. V případech, kdy položka neobsahuje žádnou montáž je přípustné,
D68: aby pole J.montáž bylo vyplněno nulou. Není však přípustné, aby obě pole - J.materiál, J.Montáž byly u jedné položky vyplněny nulou.
C73: Rekapitulace stavby
C74: Název | F74: Povinný | H74: Popis | I74: Typ | J74: Max. počet
C75: atributu | F75: (A/N) | J75: znaků
C77: Kód | F77: A | H77: Kód stavby | I77: String | J77: 20
C78: Stavba | F78: A | H78: Název stavby | I78: String | J78: 120
C79: Místo | F79: N | H79: Místo stavby | I79: String | J79: 50
C80: Datum | F80: A | H80: Datum vykonaného exportu | I80: Date
C81: KSO | F81: N | H81: Klasifikace stavebního objektu | I81: String | J81: 15
C82: CC-CZ | F82: N | H82: Klasifikace stavbeních děl | I82: String | J82: 15
C83: CZ-CPV | F83: N | H83: Společný slovník pro veřejné zakázky | I83: String | J83: 20
C84: CZ-CPA | F84: N | H84: Klasifikace produkce podle činností | I84: String | J84: 20
C85: Zadavatel | F85: N | H85: Zadavatel zadaní | I85: String | J85: 50
C86: IČ | F86: N | H86: IČ zadavatele zadaní | I86: String | J86: 20
C87: DIČ | F87: N | H87: DIČ zadavatele zadaní | I87: String | J87: 20
C88: Uchazeč | F88: N | H88: Uchazeč veřejné zakázky | I88: String | J88: 50
C89: Projektant | F89: N | H89: Projektant | I89: String | J89: 50
C90: Poznámka | F90: N | H90: Poznámka k zadání | I90: String | J90: 255
C91: Sazba DPH | F91: A | H91: Rekapitulace sazeb DPH u položek soupisů | I91: eGSazbaDph
C92: Základna DPH | F92: A | H92: Základna DPH určena součtem celkové ceny z položek soupisů | I92: Double
C93: Hodnota DPH | F93: A | H93: Hodnota DPH | I93: Double
C94: Cena bez DPH | F94: A | H94: Celková cena bez DPH za celou stavbu. Sčítává se ze všech listů. | I94: Double
C95: Cena s DPH | F95: A | H95: Celková cena s DPH za celou stavbu | I95: Double
C100: Rekapitulace objektů stavby a soupisů prací
C101: Název | F101: Povinný | H101: Popis | I101: Typ | J101: Max. počet
C102: atributu | F102: (A/N) | J102: znaků
C104: Kód | F104: A | H104: Přebírá se z Rekapitulace stavby | I104: String | J104: 20
C105: Stavba | F105: A | H105: Přebírá se z Rekapitulace stavby | I105: String | J105: 120
C106: Místo | F106: N | H106: Přebírá se z Rekapitulace stavby | I106: String | J106: 50
C107: Datum | F107: A | H107: Přebírá se z Rekapitulace stavby | I107: Date
C108: Zadavatel | F108: N | H108: Přebírá se z Rekapitulace stavby | I108: String | J108: 50
C109: Projektant | F109: N | H109: Přebírá se z Rekapitulace stavby | I109: String | J109: 50
C110: Uchazeč | F110: N | H110: Přebírá se z Rekapitulace stavby | I110: String | J110: 50
C111: Kód | F111: A | H111: Kód objektu | I111: String | J111: 20
C112: Objektu, Soupis prací | F112: A | H112: Název objektu | I112: String | J112: 120
C113: Cena bez DPH | F113: A | H113: Cena bez DPH za daný objekt | I113: Double
C114: Cena s DPH | F114: A | H114: Cena spolu s DPH za daný objekt | I114: Double
C115: Typ | F115: A | H115: Typ zakázky | I115: eGTypZakazky
C120: Krycí list soupisu
C121: Název | F121: Povinný | H121: Popis | I121: Typ | J121: Max. počet
C122: atributu | F122: (A/N) | J122: znaků
C124: Stavba | F124: A | H124: Přebírá se z Rekapitulace stavby | I124: String | J124: 120
C125: Objekt | F125: A | H125: Kód a název objektu | I125: String | J125: 20 + 120
C126: Soupis | F126: A | H126: Kód a název soupisu | I126: String | J126: 20 + 120
C127: KSO | F127: N | H127: Klasifikace stavebního objektu | I127: String | J127: 15
...
