Workbook

Sheet Krycí list
A1: CENOVÁ NABÍDKA
A3: Zadavatel: | B3: Konderla Development, s.r.o. | C3: Zhotovitel: | D3: PS BRNO, s.r.o.
B4: Příkop 843/4 | D4: Vídeňská 153/119b
B5: 602 00 Brno | D5: 619 00 Brno
A6: Vyřizuje: Tel.: e-mail: | B6: Roman Červený | C6: Vyřizuje: Tel.: e-mail:
B7: 737867716
B8: cerveny@konderla.eu
C9: Zpracoval: Tel.: e-mail: | D9: ing. Radek Černohorský
C10: Tel.: | D10: 737256124
C11: e-mail: | D11: cernohorsky@ps-brno.cz
A12: Číslo nabídky: | C12: Datum: | D12: 45754
A15: NÁZEV AKCE :
A17: RC Zone Přerov
A21: REKAPITULACE NÁKLADŮ :
A22: HTÚ | D22: =Rekapitulace!C7 -> 53680806
A23: Komunikace | D23: =Rekapitulace!C18 -> 64178987
A24: Splašková kanalizace | D24: =Rekapitulace!C28 -> 10385101
A25: Dešťová kanalizace | D25: =Rekapitulace!C36 -> 41767745
A26: Zaolejovaná kanalizace | D26: =Rekapitulace!C52 -> 27412256
A27: Vodovod | D27: =Rekapitulace!C65 -> 27664222
A28: Požární vodovod | D28: =Rekapitulace!C76 -> 6717135.6
A29: Venkovní elektroinstalace | D29: =Rekapitulace!C82 -> 6556107.1
A30: Areálové rozvody VN a trafostanice | D30: =Rekapitulace!C89 -> 15253301
A31: Hala PR01 | D31: =Rekapitulace!C94 -> 86660416
A32: Hala PR02 | D32: =Rekapitulace!C105 -> 75885186
A33: Hala PR03 | D33: =Rekapitulace!C114 -> 55522073
A34: SHZ | D34: =Rekapitulace!C124 -> 10258992
A35: Prefa konstrukce | D35: =Rekapitulace!C133 -> 88315097
A36: PD - v rozsahu dle VV | D36: 2431980
A37: VRN - v rozsahu dle VV | D37: 7112590
A38: CELKEM ZA OBJEKT: | D38: =SUM(D22:D37) -> 5.79802e+08
A41: POZNÁMKA:
A54: PŘÍLOHY: | B54: Položkový rozpočet

Sheet Rekapitulace
A1: ='Krycí list'!A17 -> RC Zone Přerov
A3: ='Krycí list'!D12 -> 45754
A4: Pozice | B4: Popis | C4: Cena | D4: Poznámky
A5: 1 | B5: Venkovní objekty | C5: =C7+C18+C28+C36+C52+C65+C76+C82+C89 -> 2.5361566e+08
A7: 1.1 | B7: HTÚ (SO 1000) | C7: =SUM(C8:C16) -> 53680806
B8: Demolice a přípava staveniště | C8: 8315200.4
B9: Příprava podloží / pláně | C9: 8859969.8
B10: Sanace podloží pod objekty, komunikacemi a zpev. plochami | C10: 15398328
B11: Odvodnění pláně | C11: 675366
B12: Zhutněný násyp pod objektem (zeminová deska) | C12: 16158204
B13: Dočasně zpevněné manipulační plochy | C13: 1002260.2
B14: Tepelná izolace | C14: 316596.1
B15: Chráničky | C15: 59730
B16: Ostatní | C16: 2895152
A18: 1.2 | B18: Komunikace | C18: =SUM(C19:C26) -> 64178987
B19: Komunikace a zpevněné plochy - část 1 (SO 1100.1) | C19: 5403622.1
B20: Komunikace a zpevněné plochy - část 2 (SO 1100.2) | C20: 2373198.4
B21: Komunikace a zpevněné plochy - část 3 (SO 1100.3) | C21: 6378837.2
B22: Komunikace a zpevněné plochy - část 4 (SO 1100.4) | C22: 8613104.8
B23: Komunikace a zpevněné plochy - část 5 (SO 1100.5) | C23: 12094721
B24: Komunikace a zpevněné plochy - část 6 (SO 1100.6) | C24: 17308168
B25: Komunikace a zpevněné plochy - část 7 (SO 1100.7) | C25: 10953775
B26: Komunikace a zpevněné plochy - část 8 (SO 1100.8) | C26: 1053561.4
A28: 1.3 | B28: Splašková kanalizace | C28: =SUM(C29:C34) -> 10385101
B29: Splašková kanalizace - přípojka (SO 1200.1) | C29: 80736.78
B30: Splašková kanalizace - ČS + výtlak (SO 1200.2) | C30: 4571565
B31: Splašková kanalizace – areál společná (SO 1200.3) | C31: 2236369.4
B32: Splašková kanalizace - areál PR 01 (SO 1200.10) | C32: 1458678.2
B33: Splašková kanalizace - areál PR 02 (SO 1200.20) | C33: 552585.67
B34: Splašková kanalizace - areál PR 03 (SO 1200.30) | C34: 1485165.7
A36: 1.4 | B36: Dešťová kanalizace | C36: =SUM(C37:C50) -> 41767745
B37: Dešťová kanalizace – areál PR01 - západ (SO 1250.10) | C37: 38921.64
B38: Dešťová kanalizace - areál PR 01 - jih (SO 1250.11) | C38: 594717.65
B39: Dešťová kanalizace - AN PR 01 - jih (SO 1250.12) | C39: 1856445
B40: Dešťová kanalizace - vsak PR 01 - JIH (SO 1250.13) | C40: 6155405.1
B41: Dešťová kanalizace - areál PR 02 (SO 1250.20) | C41: 2356278.8
B42: Dešťová kanalizace - AN PR 02 (SO 1250.21) | C42: 2308368.5
B43: Dešťová kanalizace - RN PR 02 (SO 1250.22) | C43: 5042245.7
B44: Dešťová kanalizace - ČS + výtlak PR 02 (SO 1250.23) | C44: 2191531.2
B45: Dešťová kanalizace - vsak PR 02 (SO 1250.24) | C45: 7606231.3
B46: Dešťová kanalizace - areál PR 03 - východ (SO 1250.30) | C46: 87585.49
B47: Dešťová kanalizace - vsak PR 03 - východ (SO 1250.31) | C47: 4345237.5
B48: Dešťová kanalizace - areál PR 03 - západ (SO 1250.32) | C48: 971239.54
... B50: Dešťová kanalizace - vsak u PR 03 - západ (SO 1250.34) | C50: 6926387.1
A52: 1.5 | B52: Zaolejovaná kanalizace | C52: =SUM(C53:C63) -> 27412256
B53: Zaolejovaná kanalizace - areál PR 01 (SO 1300.10) | C53: 3856620.4
B54: Zaolejovaná kanalizace - ORL PR 01 (SO 1300.11) | C54: 526393.71
B55: Zaolejovaná kanalizace - RN PR 01 (SO 1300.12) | C55: 3835435.2
B56: Zaolejovaná kanalizace - areál PR 02 - jih (SO 1300.20) | C56: 2416081
B57: Zaolejovaná kanalizace - ORL PR 02 - jih (SO 1300.21) | C57: 503026.88
B58: Zaolejovaná kanalizace - areál PR 02 - sever (SO 1300.22) | C58: 5136172.1
B59: Zaolejovaná kanalizace - ORL PR 02 - sever (SO 1300.23) | C59: 506061.93
B60: Zaolejovaná kanalizace - RN PR 02 - sever (SO 1300.24) | C60: 3513580.5
B61: Zaolejovaná kanalizace - areál PR 03 (SO 1300.30) | C61: 4777651.8
B62: Zaolejovaná kanalizace - ORL PR 03 (SO 1300.31) | C62: 491979.21
B63: Zaolejovaná kanalizace - ČS + výtlak PR 03 (SO 1300.32) | C63: 1849252.8
A65: 1.6 | B65: Vodovod | C65: =SUM(C66:C74) -> 27664222
B66: Vodovod - přeložka - východ (SO 1350.1) | C66: 23116742
B67: Vodovod - přeložka - západ (SO 1350.2) | C67: 730770.62
B68: Vodovod - přípojka (SO 1350.3) | C68: 652043.07
B69: Vodovod – areálový rozvod - společný (SO 1350.4) | C69: 1208476.2
B70: Vodovod – napojení SHZ (SO 1350.5) | C70: 101901.09
B71: Vodovod –areálový rozvod - PR 01 (SO 1350.10) | C71: 1027985.2
B72: Vodovod – napojení PR 01 (SO 1350.11) | C72: 280366.76
B73: Vodovod – napojení PR 02 (SO 1350.20) | C73: 274249.16
B74: Vodovod – napojení PR 03 (SO 1350.30) | C74: 271688.21
A76: 1.7 | B76: Požární vodovod | C76: =SUM(C77:C80) -> 6717135.6
B77: Požární vodovod – část společná (SO 1650.1) | C77: 1250764.8
B78: Požární vodovod – část PR 01 (SO 1650.10) | C78: 2791894.9
B79: Požární vodovod – část PR 02 (SO 1650.20) | C79: 413045.3
B80: Požární vodovod – část PR 03 (SO 1650.30) | C80: 2261430.6
A82: 1.8 | B82: Venkovní elektroinstalace (SO 7500) | C82: =SUM(C83:C87) -> 6556107.1
B83: Kabely | C83: 1241386
B84: Svítidla | C84: 1333390
B85: Elektroinstalační materiály a kabelové trasy | C85: 1896520
B86: Zemní práce | C86: 1686745.1
B87: Ostatní | C87: 398066
A89: 1.9 | B89: Areálové rozvody VN a trafostanice (SO 7600) | C89: =SUM(C90:C92) -> 15253301
B90: Materiál | C90: 13300894
B91: Zemní práce | C91: 1358570.6
B92: Ostatní | C92: 593836
A94: 2 | B94: Hala PR01 | C94: =SUM(C95:C104) -> 86660416
B95: Pilotové založení | C95: 8537389
B96: Monolitické dobetonávky | C96: 235637
B97: Střešní plášť | C97: 31625554
B98: Opláštění | C98: 22534078
B99: Světlíky | C99: 7343899.8
B100: Průmyslové vrata | C100: 4041700
B101: Vnitřní příčky | C101: 4894227.4
B102: Silnoproudá elektroinstalace (SO 7000) | C102: 4945626
B103: Silnoproudá elektroinstalace (SO 7200) | C103: 672305
B104: Podtlakové odvodnění střechy | C104: 1830000 | D104: nebylo ve VV
A105: 3 | B105: Hala PR02 | C105: =SUM(C106:C113) -> 75885186
B106: Pilotové založení | C106: 8961758.6
B107: Monolitické dobetonávky | C107: 218592
B108: Střešní plášť | C108: 39915844
B109: Opláštění | C109: 17876405
B110: Průmyslové vrata | C110: 318700
B111: Silnoproudá elektroinstalace (SO 7000) | C111: 5376519
B112: Silnoproudá elektroinstalace (SO 7200) | C112: 707368
...

Sheet Prefa konstrukce hal
L2: >> skryté sloupce << | AT2: {82a7035e-46a0-4833-af62-0bfe3c1c4662}
AT3: 2
D4: KRYCÍ LIST SOUPISU PRACÍ | M4: v --- níže se nacházejí doplnkové a pomocné údaje k sestavám --- v | AT4: False
D6: Stavba:
E7: RC Zone Přerov - Prefa konstrukce
D8: Objekt:
E9: 03 - Prefa konstrukce hala 01, 02, 03
D11: KSO: | I11: CC-CZ:
D12: Místo: | I12: Datum:
D14: Zadavatel: | I14: IČ:
I15: DIČ:
D17: Zhotovitel: | I17: IČ:
I18: DIČ:
D20: Projektant: | I20: IČ:
I21: DIČ:
D23: Zpracovatel: | I23: IČ:
I24: DIČ:
D26: Poznámka:
D30: Cena bez DPH | J30: =ROUND(J119, 2) -> 88315097
F32: Základ daně | I32: Sazba daně | J32: Výše daně
D33: DPH | E33: základní | F33: =ROUND((SUM(BE119:BE147)), 2) -> 88315097 | I33: 0.21 | J33: =ROUND(((SUM(BE119:BE147))*I33), 2) -> 18546170
E34: snížená | F34: =ROUND((SUM(BF119:BF147)), 2) -> 0 | I34: 0.12 | J34: =ROUND(((SUM(BF119:BF147))*I34), 2) -> 0
E35: zákl. přenesená | F35: =ROUND((SUM(BG119:BG147)), 2) -> 0 | I35: 0.21 | J35: =0 -> 0
E36: sníž. přenesená | F36: =ROUND((SUM(BH119:BH147)), 2) -> 0 | I36: 0.12 | J36: =0 -> 0
E37: nulová | F37: =ROUND((SUM(BI119:BI147)), 2) -> 0 | I37: 0 | J37: =0 -> 0
D39: Cena s DPH | G39: v | H39: CZK | J39: =SUM(J30:J37) -> 1.0686127e+08
D50: Projektant | G50: Zpracovatel
D61: Datum a podpis: | F61: Razítko | G61: Datum a podpis: | J61: Razítko
D65: Objednavatel | G65: Zhotovitel
D76: Datum a podpis: | F76: Razítko | G76: Datum a podpis: | J76: Razítko
C82: REKAPITULACE ČLENĚNÍ SOUPISU PRACÍ
C84: Stavba:
E85: =E7 -> RC Zone Přerov - Prefa konstrukce
C86: Objekt:
E87: =E9 -> 03 - Prefa konstrukce hala 01, 02, 03
C89: Místo: | F89: =F12 | I89: Datum: | J89: =IF(J12="","",J12)
C91: Zadavatel: | F91: =E15 | I91: Projektant: | J91: =E21
C92: Zhotovitel: | F92: =IF(E18="","",E18) | I92: Zpracovatel: | J92: =E24
C94: Kód dílu - Popis | J94: Cena celkem [CZK]
C96: Náklady ze soupisu prací | J96: =J119 -> 88315097 | AU96: -1
D97: D1 - Nosná konstrukce SO 01 | J97: =J120 -> 30600014
D98: D2 - Nosná konstrukce SO 02 | J98: =J132 -> 34190057
D99: D3 - Nosná konstrukce SO 02 | J99: =J140 -> 23525026
C106: SOUPIS PRACÍ
C108: Stavba:
E109: =E7 -> RC Zone Přerov - Prefa konstrukce
C110: Objekt:
E111: =E9 -> 03 - Prefa konstrukce hala 01, 02, 03
C113: Místo: | F113: =F12 | I113: Datum: | J113: =IF(J12="","",J12)
C115: Zadavatel: | F115: =E15 | I115: Projektant: | J115: =E21
C116: Zhotovitel: | F116: =IF(E18="","",E18) | I116: Zpracovatel: | J116: =E24
C118: PČ | D118: Typ | E118: Kód | F118: Popis | G118: MJ | H118: Množství | I118: J.cena [CZK] | J118: Cena celkem [CZK] | K118: Cenová soustava | N118: DPH | O118: J. Nh [h] | P118: Nh celkem [h] | Q118: J. hmotnost [t] | R118: Hmotnost celkem [t] | S118: J. suť [t] | T118: Suť Celkem [t]
C119: Náklady soupisu celkem | J119: =BK119 -> 88315097 | P119: =P120+P132+P140 -> 0 | R119: =R120+R132+R140 -> 0 | T119: =T120+T132+T140 -> 0 | AT119: D | AU119: -1 | BK119: =BK120+BK132+BK140 -> 88315097
D120: D | E120: D1 | F120: Nosná konstrukce PR01 | J120: =BK120 -> 30600014 | P120: =SUM(P121:P131) -> 0 | R120: =SUM(R121:R131) -> 0 | T120: =SUM(T121:T131) -> 0 | AR120: 1 | AT120: D | AU120: 0 | AY120: ROZPOCET | BK120: =SUM(BK121:BK131) -> 30600014
C121: 1 | D121: K | F121: sloupy | G121: ks | H121: 140 | I121: 89500 | J121: =ROUND(I121*H121,2) -> 12530000 | N121: základní | O121: 0 | P121: =O121*H121 -> 0 | Q121: 0 | R121: =Q121*H121 -> 0 | S121: 0 | T121: =S121*H121 -> 0 | AR121: 4 | AT121: K | AU121: 1 | AY121: ROZPOCET | BE121: =IF(N121="základní",J121,0) -> 12530000 | BF121: =IF(N121="snížená",J121,0) -> 0 | BG121: =IF(N121="zákl. přenesená",J121,0) -> 0 | BH121: =IF(N121="sníž. přenesená",J121,0) -> 0 | BI121: =IF(N121="nulová",J121,0) -> 0 | BJ121: 1 | BK121: =ROUND(I121*H121,2) -> 12530000 | BL121: 4 | BM121: 2
C122: 2 | D122: K | F122: vazníky | G122: ks | H122: 57 | I122: 120700 | J122: =ROUND(I122*H122,2) -> 6879900 | N122: základní | O122: 0 | P122: =O122*H122 -> 0 | Q122: 0 | R122: =Q122*H122 -> 0 | S122: 0 | T122: =S122*H122 -> 0 | AR122: 4 | AT122: K | AU122: 1 | AY122: ROZPOCET | BE122: =IF(N122="základní",J122,0) -> 6879900 | BF122: =IF(N122="snížená",J122,0) -> 0 | BG122: =IF(N122="zákl. přenesená",J122,0) -> 0 | BH122: =IF(N122="sníž. přenesená",J122,0) -> 0 | BI122: =IF(N122="nulová",J122,0) -> 0 | BJ122: 1 | BK122: =ROUND(I122*H122,2) -> 6879900 | BL122: 4 | BM122: 4
C123: 3 | D123: K | F123: vaznice | G123: ks | H123: 202 | I123: 27307 | J123: =ROUND(I123*H123,2) -> 5516014 | N123: základní | O123: 0 | P123: =O123*H123 -> 0 | Q123: 0 | R123: =Q123*H123 -> 0 | S123: 0 | T123: =S123*H123 -> 0 | AR123: 4 | AT123: K | AU123: 1 | AY123: ROZPOCET | BE123: =IF(N123="základní",J123,0) -> 5516014 | BF123: =IF(N123="snížená",J123,0) -> 0 | BG123: =IF(N123="zákl. přenesená",J123,0) -> 0 | BH123: =IF(N123="sníž. přenesená",J123,0) -> 0 | BI123: =IF(N123="nulová",J123,0) -> 0 | BJ123: 1 | BK123: =ROUND(I123*H123,2) -> 5516014 | BL123: 4 | BM123: 6
C124: 4 | D124: K | F124: ztužidla | G124: ks | H124: 100 | I124: 19200 | J124: =ROUND(I124*H124,2) -> 1920000 | N124: základní | O124: 0 | P124: =O124*H124 -> 0 | Q124: 0 | R124: =Q124*H124 -> 0 | S124: 0 | T124: =S124*H124 -> 0 | AR124: 4 | AT124: K | AU124: 1 | AY124: ROZPOCET | BE124: =IF(N124="základní",J124,0) -> 1920000 | BF124: =IF(N124="snížená",J124,0) -> 0 | BG124: =IF(N124="zákl. přenesená",J124,0) -> 0 | BH124: =IF(N124="sníž. přenesená",J124,0) -> 0 | BI124: =IF(N124="nulová",J124,0) -> 0 | BJ124: 1 | BK124: =ROUND(I124*H124,2) -> 1920000 | BL124: 4 | BM124: 8
C125: 5 | D125: K | F125: základové prahy sendvičové tl. 300mm | G125: ks | H125: 87 | I125: 21100 | J125: =ROUND(I125*H125,2) -> 1835700 | N125: základní | O125: 0 | P125: =O125*H125 -> 0 | Q125: 0 | R125: =Q125*H125 -> 0 | S125: 0 | T125: =S125*H125 -> 0 | AR125: 4 | AT125: K | AU125: 1 | AY125: ROZPOCET | BE125: =IF(N125="základní",J125,0) -> 1835700 | BF125: =IF(N125="snížená",J125,0) -> 0 | BG125: =IF(N125="zákl. přenesená",J125,0) -> 0 | BH125: =IF(N125="sníž. přenesená",J125,0) -> 0 | BI125: =IF(N125="nulová",J125,0) -> 0 | BJ125: 1 | BK125: =ROUND(I125*H125,2) -> 1835700 | BL125: 4 | BM125: 10
C126: 6 | D126: K | F126: základové prahy sendvičové tl. 410mm | G126: ks | H126: 0 | J126: =ROUND(I126*H126,2) -> 0 | N126: základní | O126: 0 | P126: =O126*H126 -> 0 | Q126: 0 | R126: =Q126*H126 -> 0 | S126: 0 | T126: =S126*H126 -> 0 | AR126: 4 | AT126: K | AU126: 1 | AY126: ROZPOCET | BE126: =IF(N126="základní",J126,0) -> 0 | BF126: =IF(N126="snížená",J126,0) -> 0 | BG126: =IF(N126="zákl. přenesená",J126,0) -> 0 | BH126: =IF(N126="sníž. přenesená",J126,0) -> 0 | BI126: =IF(N126="nulová",J126,0) -> 0 | BJ126: 1 | BK126: =ROUND(I126*H126,2) -> 0 | BL126: 4 | BM126: 12
C127: 7 | D127: K | F127: parapetní panely plné tl. 140mm | G127: ks | H127: 124 | I127: 7000 | J127: =ROUND(I127*H127,2) -> 868000 | N127: základní | O127: 0 | P127: =O127*H127 -> 0 | Q127: 0 | R127: =Q127*H127 -> 0 | S127: 0 | T127: =S127*H127 -> 0 | AR127: 4 | AT127: K | AU127: 1 | AY127: ROZPOCET | BE127: =IF(N127="základní",J127,0) -> 868000 | BF127: =IF(N127="snížená",J127,0) -> 0 | BG127: =IF(N127="zákl. přenesená",J127,0) -> 0 | BH127: =IF(N127="sníž. přenesená",J127,0) -> 0 | BI127: =IF(N127="nulová",J127,0) -> 0 | BJ127: 1 | BK127: =ROUND(I127*H127,2) -> 868000 | BL127: 4 | BM127: 14
C128: 8 | D128: K | F128: prvky rampových můstků | G128: ks | H128: 52 | I128: 20200 | J128: =ROUND(I128*H128,2) -> 1050400 | N128: základní | O128: 0 | P128: =O128*H128 -> 0 | Q128: 0 | R128: =Q128*H128 -> 0 | S128: 0 | T128: =S128*H128 -> 0 | AR128: 4 | AT128: K | AU128: 1 | AY128: ROZPOCET | BE128: =IF(N128="základní",J128,0) -> 1050400 | BF128: =IF(N128="snížená",J128,0) -> 0 | BG128: =IF(N128="zákl. přenesená",J128,0) -> 0 | BH128: =IF(N128="sníž. přenesená",J128,0) -> 0 | BI128: =IF(N128="nulová",J128,0) -> 0 | BJ128: 1 | BK128: =ROUND(I128*H128,2) -> 1050400 | BL128: 4 | BM128: 16
C129: 9 | D129: K | F129: monolitická dna rampových můstků | G129: ks | H129: 13 | J129: =ROUND(I129*H129,2) -> 0 | L129: viz monolity | N129: základní | O129: 0 | P129: =O129*H129 -> 0 | Q129: 0 | R129: =Q129*H129 -> 0 | S129: 0 | T129: =S129*H129 -> 0 | AR129: 4 | AT129: K | AU129: 1 | AY129: ROZPOCET | BE129: =IF(N129="základní",J129,0) -> 0 | BF129: =IF(N129="snížená",J129,0) -> 0 | BG129: =IF(N129="zákl. přenesená",J129,0) -> 0 | BH129: =IF(N129="sníž. přenesená",J129,0) -> 0 | BI129: =IF(N129="nulová",J129,0) -> 0 | BJ129: 1 | BK129: =ROUND(I129*H129,2) -> 0 | BL129: 4 | BM129: 18
C130: 10 | D130: K | F130: monolitická pata základových prahů | G130: ks | H130: 21 | J130: =ROUND(I130*H130,2) -> 0 | L130: viz monolity | N130: základní | O130: 0 | P130: =O130*H130 -> 0 | Q130: 0 | R130: =Q130*H130 -> 0 | S130: 0 | T130: =S130*H130 -> 0 | AR130: 4 | AT130: K | AU130: 1 | AY130: ROZPOCET | BE130: =IF(N130="základní",J130,0) -> 0 | BF130: =IF(N130="snížená",J130,0) -> 0 | BG130: =IF(N130="zákl. přenesená",J130,0) -> 0 | BH130: =IF(N130="sníž. přenesená",J130,0) -> 0 | BI130: =IF(N130="nulová",J130,0) -> 0 | BJ130: 1 | BK130: =ROUND(I130*H130,2) -> 0 | BL130: 4 | BM130: 20
C131: 11 | D131: K | F131: stropní dílce budoucího rozšíření | G131: ks | H131: 3 | J131: =ROUND(I131*H131,2) -> 0 | N131: základní | O131: 0 | P131: =O131*H131 -> 0 | Q131: 0 | R131: =Q131*H131 -> 0 | S131: 0 | T131: =S131*H131 -> 0 | AR131: 4 | AT131: K | AU131: 1 | AY131: ROZPOCET | BE131: =IF(N131="základní",J131,0) -> 0 | BF131: =IF(N131="snížená",J131,0) -> 0 | BG131: =IF(N131="zákl. přenesená",J131,0) -> 0 | BH131: =IF(N131="sníž. přenesená",J131,0) -> 0 | BI131: =IF(N131="nulová",J131,0) -> 0 | BJ131: 1 | BK131: =ROUND(I131*H131,2) -> 0 | BL131: 4 | BM131: 22
D132: D | E132: D2 | F132: Nosná konstrukce PR02 | J132: =BK132 -> 34190057 | P132: =SUM(P133:P139) -> 0 | R132: =SUM(R133:R139) -> 0 | T132: =SUM(T133:T139) -> 0 | AR132: 1 | AT132: D | AU132: 0 | AY132: ROZPOCET | BK132: =SUM(BK133:BK139) -> 34190057
C133: 12 | D133: K | F133: sloupy | G133: ks | H133: 148 | I133: 90971 | J133: =ROUND(I133*H133,2) -> 13463708 | N133: základní | O133: 0 | P133: =O133*H133 -> 0 | Q133: 0 | R133: =Q133*H133 -> 0 | S133: 0 | T133: =S133*H133 -> 0 | AR133: 4 | AT133: K | AU133: 1 | AY133: ROZPOCET | BE133: =IF(N133="základní",J133,0) -> 13463708 | BF133: =IF(N133="snížená",J133,0) -> 0 | BG133: =IF(N133="zákl. přenesená",J133,0) -> 0 | BH133: =IF(N133="sníž. přenesená",J133,0) -> 0 | BI133: =IF(N133="nulová",J133,0) -> 0 | BJ133: 1 | BK133: =ROUND(I133*H133,2) -> 13463708 | BL133: 4 | BM133: 24
C134: 13 | D134: K | F134: vazníky | G134: ks | H134: 64 | I134: 135201 | J134: =ROUND(I134*H134,2) -> 8652864 | N134: základní | O134: 0 | P134: =O134*H134 -> 0 | Q134: 0 | R134: =Q134*H134 -> 0 | S134: 0 | T134: =S134*H134 -> 0 | AR134: 4 | AT134: K | AU134: 1 | AY134: ROZPOCET | BE134: =IF(N134="základní",J134,0) -> 8652864 | BF134: =IF(N134="snížená",J134,0) -> 0 | BG134: =IF(N134="zákl. přenesená",J134,0) -> 0 | BH134: =IF(N134="sníž. přenesená",J134,0) -> 0 | BI134: =IF(N134="nulová",J134,0) -> 0 | BJ134: 1 | BK134: =ROUND(I134*H134,2) -> 8652864 | BL134: 4 | BM134: 26
C135: 14 | D135: K | F135: vaznice | G135: ks | H135: 255 | I135: 27247 | J135: =ROUND(I135*H135,2) -> 6947985 | N135: základní | O135: 0 | P135: =O135*H135 -> 0 | Q135: 0 | R135: =Q135*H135 -> 0 | S135: 0 | T135: =S135*H135 -> 0 | AR135: 4 | AT135: K | AU135: 1 | AY135: ROZPOCET | BE135: =IF(N135="základní",J135,0) -> 6947985 | BF135: =IF(N135="snížená",J135,0) -> 0 | BG135: =IF(N135="zákl. přenesená",J135,0) -> 0 | BH135: =IF(N135="sníž. přenesená",J135,0) -> 0 | BI135: =IF(N135="nulová",J135,0) -> 0 | BJ135: 1 | BK135: =ROUND(I135*H135,2) -> 6947985 | BL135: 4 | BM135: 28
C136: 15 | D136: K | F136: ztužidla | G136: ks | H136: 100 | I136: 18589 | J136: =ROUND(I136*H136,2) -> 1858900 | N136: základní | O136: 0 | P136: =O136*H136 -> 0 | Q136: 0 | R136: =Q136*H136 -> 0 | S136: 0 | T136: =S136*H136 -> 0 | AR136: 4 | AT136: K | AU136: 1 | AY136: ROZPOCET | BE136: =IF(N136="základní",J136,0) -> 1858900 | BF136: =IF(N136="snížená",J136,0) -> 0 | BG136: =IF(N136="zákl. přenesená",J136,0) -> 0 | BH136: =IF(N136="sníž. přenesená",J136,0) -> 0 | BI136: =IF(N136="nulová",J136,0) -> 0 | BJ136: 1 | BK136: =ROUND(I136*H136,2) -> 1858900 | BL136: 4 | BM136: 30
C137: 16 | D137: K | F137: základové prahy sendvičové tl. 300mm | G137: ks | H137: 100 | I137: 32666 | J137: =ROUND(I137*H137,2) -> 3266600 | N137: základní | O137: 0 | P137: =O137*H137 -> 0 | Q137: 0 | R137: =Q137*H137 -> 0 | S137: 0 | T137: =S137*H137 -> 0 | AR137: 4 | AT137: K | AU137: 1 | AY137: ROZPOCET | BE137: =IF(N137="základní",J137,0) -> 3266600 | BF137: =IF(N137="snížená",J137,0) -> 0 | BG137: =IF(N137="zákl. přenesená",J137,0) -> 0 | BH137: =IF(N137="sníž. přenesená",J137,0) -> 0 | BI137: =IF(N137="nulová",J137,0) -> 0 | BJ137: 1 | BK137: =ROUND(I137*H137,2) -> 3266600 | BL137: 4 | BM137: 32
C138: 17 | D138: K | F138: základové prahy sendvičové tl. 410mm | G138: ks | H138: 0 | J138: =ROUND(I138*H138,2) -> 0 | N138: základní | O138: 0 | P138: =O138*H138 -> 0 | Q138: 0 | R138: =Q138*H138 -> 0 | S138: 0 | T138: =S138*H138 -> 0 | AR138: 4 | AT138: K | AU138: 1 | AY138: ROZPOCET | BE138: =IF(N138="základní",J138,0) -> 0 | BF138: =IF(N138="snížená",J138,0) -> 0 | BG138: =IF(N138="zákl. přenesená",J138,0) -> 0 | BH138: =IF(N138="sníž. přenesená",J138,0) -> 0 | BI138: =IF(N138="nulová",J138,0) -> 0 | BJ138: 1 | BK138: =ROUND(I138*H138,2) -> 0 | BL138: 4 | BM138: 34
C139: 18 | D139: K | F139: monolitická pata základových prahů | G139: ks | H139: 64 | J139: =ROUND(I139*H139,2) -> 0 | L139: viz monolity | N139: základní | O139: 0 | P139: =O139*H139 -> 0 | Q139: 0 | R139: =Q139*H139 -> 0 | S139: 0 | T139: =S139*H139 -> 0 | AR139: 4 | AT139: K | AU139: 1 | AY139: ROZPOCET | BE139: =IF(N139="základní",J139,0) -> 0 | BF139: =IF(N139="snížená",J139,0) -> 0 | BG139: =IF(N139="zákl. přenesená",J139,0) -> 0 | BH139: =IF(N139="sníž. přenesená",J139,0) -> 0 | BI139: =IF(N139="nulová",J139,0) -> 0 | BJ139: 1 | BK139: =ROUND(I139*H139,2) -> 0 | BL139: 4 | BM139: 36
D140: D | E140: D3 | F140: Nosná konstrukce PR03 | J140: =BK140 -> 23525026 | P140: =SUM(P141:P147) -> 0 | R140: =SUM(R141:R147) -> 0 | T140: =SUM(T141:T147) -> 0 | AR140: 1 | AT140: D | AU140: 0 | AY140: ROZPOCET | BK140: =SUM(BK141:BK147) -> 23525026
C141: 19 | D141: K | F141: sloupy | G141: ks | H141: 117 | I141: 89800 | J141: =ROUND(I141*H141,2) -> 10506600 | N141: základní | O141: 0 | P141: =O141*H141 -> 0 | Q141: 0 | R141: =Q141*H141 -> 0 | S141: 0 | T141: =S141*H141 -> 0 | AR141: 4 | AT141: K | AU141: 1 | AY141: ROZPOCET | BE141: =IF(N141="základní",J141,0) -> 10506600 | BF141: =IF(N141="snížená",J141,0) -> 0 | BG141: =IF(N141="zákl. přenesená",J141,0) -> 0 | BH141: =IF(N141="sníž. přenesená",J141,0) -> 0 | BI141: =IF(N141="nulová",J141,0) -> 0 | BJ141: 1 | BK141: =ROUND(I141*H141,2) -> 10506600 | BL141: 4 | BM141: 38
C142: 20 | D142: K | F142: vazníky | G142: ks | H142: 46 | I142: 113921 | J142: =ROUND(I142*H142,2) -> 5240366 | N142: základní | O142: 0 | P142: =O142*H142 -> 0 | Q142: 0 | R142: =Q142*H142 -> 0 | S142: 0 | T142: =S142*H142 -> 0 | AR142: 4 | AT142: K | AU142: 1 | AY142: ROZPOCET | BE142: =IF(N142="základní",J142,0) -> 5240366 | BF142: =IF(N142="snížená",J142,0) -> 0 | BG142: =IF(N142="zákl. přenesená",J142,0) -> 0 | BH142: =IF(N142="sníž. přenesená",J142,0) -> 0 | BI142: =IF(N142="nulová",J142,0) -> 0 | BJ142: 1 | BK142: =ROUND(I142*H142,2) -> 5240366 | BL142: 4 | BM142: 40
C143: 21 | D143: K | F143: vaznice | G143: ks | H143: 158 | I143: 27250 | J143: =ROUND(I143*H143,2) -> 4305500 | N143: základní | O143: 0 | P143: =O143*H143 -> 0 | Q143: 0 | R143: =Q143*H143 -> 0 | S143: 0 | T143: =S143*H143 -> 0 | AR143: 4 | AT143: K | AU143: 1 | AY143: ROZPOCET | BE143: =IF(N143="základní",J143,0) -> 4305500 | BF143: =IF(N143="snížená",J143,0) -> 0 | BG143: =IF(N143="zákl. přenesená",J143,0) -> 0 | BH143: =IF(N143="sníž. přenesená",J143,0) -> 0 | BI143: =IF(N143="nulová",J143,0) -> 0 | BJ143: 1 | BK143: =ROUND(I143*H143,2) -> 4305500 | BL143: 4 | BM143: 42
C144: 22 | D144: K | F144: ztužidla | G144: ks | H144: 84 | I144: 18407 | J144: =ROUND(I144*H144,2) -> 1546188 | N144: základní | O144: 0 | P144: =O144*H144 -> 0 | Q144: 0 | R144: =Q144*H144 -> 0 | S144: 0 | T144: =S144*H144 -> 0 | AR144: 4 | AT144: K | AU144: 1 | AY144: ROZPOCET | BE144: =IF(N144="základní",J144,0) -> 1546188 | BF144: =IF(N144="snížená",J144,0) -> 0 | BG144: =IF(N144="zákl. přenesená",J144,0) -> 0 | BH144: =IF(N144="sníž. přenesená",J144,0) -> 0 | BI144: =IF(N144="nulová",J144,0) -> 0 | BJ144: 1 | BK144: =ROUND(I144*H144,2) -> 1546188 | BL144: 4 | BM144: 44
C145: 23 | D145: K | F145: základové prahy sendvičové tl. 300mm | G145: ks | H145: 84 | I145: 22933 | J145: =ROUND(I145*H145,2) -> 1926372 | N145: základní | O145: 0 | P145: =O145*H145 -> 0 | Q145: 0 | R145: =Q145*H145 -> 0 | S145: 0 | T145: =S145*H145 -> 0 | AR145: 4 | AT145: K | AU145: 1 | AY145: ROZPOCET | BE145: =IF(N145="základní",J145,0) -> 1926372 | BF145: =IF(N145="snížená",J145,0) -> 0 | BG145: =IF(N145="zákl. přenesená",J145,0) -> 0 | BH145: =IF(N145="sníž. přenesená",J145,0) -> 0 | BI145: =IF(N145="nulová",J145,0) -> 0 | BJ145: 1 | BK145: =ROUND(I145*H145,2) -> 1926372 | BL145: 4 | BM145: 46
C146: 24 | D146: K | F146: základové prahy sendvičové tl. 410mm | G146: ks | H146: 0 | J146: =ROUND(I146*H146,2) -> 0 | N146: základní | O146: 0 | P146: =O146*H146 -> 0 | Q146: 0 | R146: =Q146*H146 -> 0 | S146: 0 | T146: =S146*H146 -> 0 | AR146: 4 | AT146: K | AU146: 1 | AY146: ROZPOCET | BE146: =IF(N146="základní",J146,0) -> 0 | BF146: =IF(N146="snížená",J146,0) -> 0 | BG146: =IF(N146="zákl. přenesená",J146,0) -> 0 | BH146: =IF(N146="sníž. přenesená",J146,0) -> 0 | BI146: =IF(N146="nulová",J146,0) -> 0 | BJ146: 1 | BK146: =ROUND(I146*H146,2) -> 0 | BL146: 4 | BM146: 48
C147: 25 | D147: K | F147: monolitická pata základových prahů | G147: ks | H147: 26 | J147: =ROUND(I147*H147,2) -> 0 | L147: viz monolity | N147: základní | O147: 0 | P147: =O147*H147 -> 0 | Q147: 0 | R147: =Q147*H147 -> 0 | S147: 0 | T147: =S147*H147 -> 0 | AR147: 4 | AT147: K | AU147: 1 | AY147: ROZPOCET | BE147: =IF(N147="základní",J147,0) -> 0 | BF147: =IF(N147="snížená",J147,0) -> 0 | BG147: =IF(N147="zákl. přenesená",J147,0) -> 0 | BH147: =IF(N147="sníž. přenesená",J147,0) -> 0 | BI147: =IF(N147="nulová",J147,0) -> 0 | BJ147: 1 | BK147: =ROUND(I147*H147,2) -> 0 | BL147: 4 | BM147: 50
